time,latitude,longitude,depth,mag,magType,nst,gap,dmin,rms,net,id,updated,place,type,horizontalError,depthError,magError,magNst,status,locationSource,magSource
2019-12-20T19:30:47.270Z,35.6621666,-117.5653305,6.18,3.16,ml,59,43,0.0797,0.2,ci,ci39007423,2019-12-20T19:41:48.800Z,"11km ENE of Ridgecrest, CA",earthquake,0.21,0.65,0.222,18,automatic,ci,ci
2019-12-20T18:42:48.640Z,36.4293,71.1219,105.86,4.3,mb,,76,0.821,1.08,us,us70006p6i,2019-12-20T19:39:19.040Z,"46km SW of Ashkasham, Afghanistan",earthquake,6.1,7.5,0.09,40,reviewed,us,us
2019-12-20T17:20:19.545Z,-21.4927,-173.8357,10,5,mb,,111,4.386,1.29,us,us70006p5d,2019-12-20T17:43:20.040Z,"116km E of `Ohonua, Tonga",earthquake,8.5,1.9,0.092,38,reviewed,us,us
2019-12-20T16:55:47.295Z,6.7245,125.1955,10,4.8,mb,,78,0.512,0.66,us,us70006p50,2019-12-20T17:10:05.481Z,"4km SSE of Magsaysay, Philippines",earthquake,5.4,1.9,0.109,26,reviewed,us,us
2019-12-20T16:46:06.506Z,37.2906,-117.6039,7,3.4,ml,21,47.97,0.067,0.2122,nn,nn00713456,2019-12-20T19:14:03.659Z,"57km SW of Goldfield, Nevada",earthquake,,1.4,0.73,5,reviewed,nn,nn
2019-12-20T15:45:49.314Z,6.5916,125.2433,10,4.4,mb,,122,0.58,1.21,us,us70006p4g,2019-12-20T17:14:33.040Z,"2km SSE of Kiblawan, Philippines",earthquake,4.8,1.9,0.162,11,reviewed,us,us
2019-12-20T14:48:39.430Z,19.4141674,-155.6094971,-1.68,3.42,ml,50,61,0.02052,0.24,hv,hv71285981,2019-12-20T19:32:32.637Z,"26km NNW of Pahala, Hawaii",earthquake,0.36,0.49,3.45,38,automatic,hv,hv
2019-12-20T11:39:52.941Z,36.5344,70.4374,210.22,6.1,mww,,19,1.394,1,us,us70006p18,2019-12-20T19:11:57.033Z,"51km SW of Jarm, Afghanistan",earthquake,6.2,5.1,0.062,25,reviewed,us,us
2019-12-20T11:35:04.390Z,19.0993,-67.8411,19,2.82,md,10,322,0.8013,0.32,pr,pr2019354020,2019-12-20T16:44:26.583Z,"82km NE of Punta Cana, Dominican Republic",earthquake,11.38,23.03,0.21,7,reviewed,pr,pr
2019-12-20T11:27:14.410Z,59.4441,-30.4803,10,4.6,mb,,93,6.833,0.56,us,us70006p1p,2019-12-20T12:16:08.040Z,"Reykjanes Ridge",earthquake,7.5,1.6,0.047,136,reviewed,us,us
2019-12-20T11:10:15.163Z,56.8208,-152.1216,2.2,3,ml,,,,0.65,ak,ak019g9musxf,2019-12-20T11:40:51.040Z,"109km S of Kodiak, Alaska",earthquake,,0.7,,,automatic,ak,ak
2019-12-20T11:03:49.817Z,-14.5099,-175.8829,315,4,mb,,177,4.026,0.52,us,us70006p12,2019-12-20T11:31:04.040Z,"139km SSE of Mata-Utu, Wallis and Futuna",earthquake,14.7,15.8,0.13,16,reviewed,us,us
2019-12-20T10:39:54.539Z,56.7892,-152.1076,2.1,3.3,ml,,,,0.81,ak,ak019g9mfo1r,2019-12-20T10:58:30.040Z,"112km S of Kodiak, Alaska",earthquake,,0.7,,,automatic,ak,ak
2019-12-20T09:35:27.334Z,-7.76,127.515,196.51,4.6,mb,,49,3.755,1.07,us,us70006p09,2019-12-20T14:45:51.807Z,"231km ENE of Dili, East Timor",earthquake,8.5,8.1,0.091,36,reviewed,us,us
2019-12-20T09:29:29.849Z,59.6112,-30.618,10,4.6,mb,,88,6.737,0.99,us,us70006p0j,2019-12-20T15:15:53.040Z,"Reykjanes Ridge",earthquake,6.9,1.8,0.048,130,reviewed,us,us
2019-12-20T08:45:57.620Z,19.3831,-67.1573,28,2.75,md,4,357,0.9167,0.31,pr,pr2019354017,2019-12-20T13:08:52.189Z,"98km N of Isabela, Puerto Rico",earthquake,15.13,16.59,0,3,reviewed,pr,pr
2019-12-20T08:28:57.280Z,35.7173333,-117.5316667,7.62,2.59,ml,36,57,0.09985,0.17,ci,ci39006711,2019-12-20T08:39:51.680Z,"13km WSW of Searles Valley, CA",earthquake,0.23,0.86,0.14,25,automatic,ci,ci
2019-12-20T08:11:48.610Z,19.2446,-67.0218,25,2.73,md,3,354,0.7822,0.25,pr,pr2019354016,2019-12-20T12:53:25.887Z,"82km N of Isabela, Puerto Rico",earthquake,11.04,19.49,0.04,3,reviewed,pr,pr
2019-12-20T08:05:50.070Z,35.9068333,-117.7081667,2.33,2.56,ml,32,40,0.06228,0.17,ci,ci39006639,2019-12-20T08:16:25.790Z,"18km E of Little Lake, CA",earthquake,0.21,0.36,0.193,26,automatic,ci,ci
2019-12-20T08:00:34.380Z,35.9071667,-117.7055,2.94,3.11,ml,39,41,0.06044,0.15,ci,ci39006607,2019-12-20T16:23:38.920Z,"18km E of Little Lake, CA",earthquake,0.13,0.41,0.148,97,reviewed,ci,ci
2019-12-20T07:51:49.430Z,19.3113,-66.989,53,2.77,md,3,357,1.1396,0.15,pr,pr2019354014,2019-12-20T13:08:06.614Z,"89km N of Isabela, Puerto Rico",earthquake,9.87,8.14,0.07,3,reviewed,pr,pr
2019-12-20T07:46:02.520Z,19.2443,-67.1631,24,2.64,md,4,357,0.7785,0.26,pr,pr2019354013,2019-12-20T13:07:25.310Z,"83km N of Isabela, Puerto Rico",earthquake,16.98,19.24,0.15,4,reviewed,pr,pr
2019-12-20T06:58:17.855Z,59.6006,-30.3488,10,4.6,mb,,74,6.666,0.44,us,us70006nyz,2019-12-20T08:15:11.040Z,"Reykjanes Ridge",earthquake,11.4,1.9,0.054,100,reviewed,us,us
2019-12-20T06:26:16.260Z,19.1736,-67.6388,32,2.45,md,7,328,0.8051,0.31,pr,pr2019354011,2019-12-20T10:05:03.914Z,"94km NW of San Antonio, Puerto Rico",earthquake,2.43,19.28,0.18,5,reviewed,pr,pr
2019-12-20T06:13:39.825Z,59.464,-30.394,10,4.7,mb,,76,20.123,0.62,us,us70006nyj,2019-12-20T07:30:04.040Z,"Reykjanes Ridge",earthquake,13.1,1.9,0.06,85,reviewed,us,us
2019-12-20T06:11:50.430Z,59.6512,-30.4097,10,5,mb,,65,6.643,0.47,us,us70006nyq,2019-12-20T07:07:35.040Z,"Reykjanes Ridge",earthquake,8.7,1.9,0.037,237,reviewed,us,us
2019-12-20T06:09:11.110Z,36.132,-117.8653333,2.63,2.54,ml,28,55,0.0167,0.16,ci,ci39006567,2019-12-20T06:22:22.262Z,"12km NE of Coso Junction, CA",earthquake,0.25,0.53,0.157,25,automatic,ci,ci
2019-12-20T05:58:26.931Z,37.3175,71.9423,97.13,4.4,mb,,89,0.309,0.66,us,us70006nyf,2019-12-20T12:03:00.909Z,"12km ENE of Roshtqal'a, Tajikistan",earthquake,8.3,5.6,0.19,8,reviewed,us,us
2019-12-20T05:49:06.960Z,19.1123,-66.6163,23,2.57,md,15,273,0.6411,0.22,pr,pr2019354001,2019-12-20T08:33:06.040Z,"74km N of Arecibo, Puerto Rico",earthquake,0.97,14.77,0.26,15,reviewed,pr,pr
2019-12-20T05:45:49.704Z,59.9815,-152.5206,97.5,2.5,ml,,,,0.58,ak,ak019g9jhrv3,2019-12-20T08:44:03.040Z,"44km WNW of Anchor Point, Alaska",earthquake,,0.6,,,automatic,ak,ak
2019-12-20T05:44:29.629Z,59.4416,-30.3236,10,4.6,mb,,143,21.664,0.48,us,us70006ny5,2019-12-20T08:52:48.040Z,"Reykjanes Ridge",earthquake,12.9,1.9,0.06,83,reviewed,us,us
2019-12-20T04:44:06.120Z,19.4195004,-155.2769928,-0.29,2.62,ml,43,38,0.005262,0.24,hv,hv71285396,2019-12-20T04:50:26.365Z,"4km WSW of Volcano, Hawaii",earthquake,0.19,0.2,0.45,21,automatic,hv,hv
2019-12-20T04:16:26.585Z,31.9748,-102.3284,7.71,2.5,mb_lg,,42,0.236,0.43,us,us70006nx0,2019-12-20T14:23:31.751Z,"7km SE of Gardendale, Texas",earthquake,0.8,4,0.124,17,reviewed,us,us
2019-12-20T03:08:53.624Z,15.419,-91.7304,197.5,4.5,mb,,126,0.241,0.62,us,us70006nwm,2019-12-20T03:30:45.040Z,"2km NW of Colotenango, Guatemala",earthquake,9.5,7.4,0.084,42,reviewed,us,us
2019-12-20T02:50:31.921Z,53.8565,-164.0039,41.32,3.8,mb,,161,1.059,0.68,us,us70006nwl,2019-12-20T03:25:38.040Z,"117km SSW of False Pass, Alaska",earthquake,3.5,9.7,0.153,11,reviewed,us,us
2019-12-20T02:36:10.800Z,19.1308327,-155.4600067,0,2.51,ml,17,224,0.1226,0.21,hv,hv71285251,2019-12-20T02:41:50.670Z,"8km SSE of Pahala, Hawaii",earthquake,1.82,10.78,0.1,4,automatic,hv,hv
2019-12-20T02:36:05.090Z,19.1714993,-155.4624939,35.11,2.52,ml,26,205,0.1621,0.15,hv,hv71285256,2019-12-20T02:41:57.610Z,"4km SSE of Pahala, Hawaii",earthquake,1.21,0.94,0.12,3,automatic,hv,hv
2019-12-20T02:31:04.500Z,18.729,-65.1231,20,2.8,md,3,333,0.9334,0.33,pr,pr2019354009,2019-12-20T09:11:15.677Z,"47km NNW of Charlotte Amalie, U.S. Virgin Islands",earthquake,3.97,28.64,0.08,3,reviewed,pr,pr
2019-12-20T02:11:57.060Z,19.4045,-66.982,42,2.82,md,3,358,1.2331,0.28,pr,pr2019354007,2019-12-20T09:10:53.493Z,"100km N of Isabela, Puerto Rico",earthquake,15.59,17.67,0.01,3,reviewed,pr,pr
2019-12-20T01:01:49.710Z,19.0843,-67.2995,20,2.71,md,6,320,0.6449,0.31,pr,pr2019354003,2019-12-20T09:08:55.646Z,"68km NNW of San Antonio, Puerto Rico",earthquake,2.21,27.53,0.25,6,reviewed,pr,pr
2019-12-20T00:51:14.980Z,19.0975,-67.8451,25,3.29,md,14,321,0.8015,0.48,pr,pr2019354000,2019-12-20T01:19:58.040Z,"84km NW of San Antonio, Puerto Rico",earthquake,2.83,32.81,0.42,13,reviewed,pr,pr
2019-12-19T22:17:50.359Z,59.9412,-152.2055,81.4,4,ml,,,,0.52,ak,ak019g85wsn8,2019-12-20T15:25:32.758Z,"27km NW of Anchor Point, Alaska",earthquake,,0.3,,,reviewed,ak,ak
2019-12-19T22:16:20.760Z,34.6475,79.7488,10,4.5,mb,,109,5.464,0.97,us,us70006nu2,2019-12-19T23:19:37.469Z,"136km N of Rutog, China",earthquake,8.8,1.9,0.094,33,reviewed,us,us
2019-12-19T20:28:41.575Z,30.6505,131.0337,40.92,4.9,mb,,128,2.47,0.68,us,us70006nnv,2019-12-19T21:00:04.040Z,"9km SSE of Nishinoomote, Japan",earthquake,8.8,7.2,0.056,100,reviewed,us,us
2019-12-19T20:09:30.838Z,69.6564,-145.398,1.8,2.8,ml,,,,0.98,ak,ak019g84o6ac,2019-12-19T20:45:11.189Z,"86km SW of Kaktovik, Alaska",earthquake,,1.3,,,reviewed,ak,ak
2019-12-19T20:05:26.790Z,35.9131667,-117.7096667,3.34,3.05,ml,42,36,0.0593,0.15,ci,ci39005887,2019-12-20T00:08:16.894Z,"18km E of Little Lake, CA",earthquake,0.13,0.42,0.187,215,reviewed,ci,ci
2019-12-19T19:07:59.530Z,19.122,-67.348,10,2.95,md,8,322,0.696,0.62,pr,pr2019353021,2019-12-20T01:21:16.604Z,"74km NNW of San Antonio, Puerto Rico",earthquake,5.45,31.61,0.23,5,reviewed,pr,pr
2019-12-19T19:01:54.407Z,5.1135,94.4601,60.18,4.7,mb,,156,2.479,0.74,us,us70006nm3,2019-12-19T19:38:15.040Z,"107km WSW of Banda Aceh, Indonesia",earthquake,7.1,7.4,0.089,38,reviewed,us,us
2019-12-19T18:40:08.710Z,19.3511,-67.7201,36,2.9,md,7,341,0.9962,0.12,pr,pr2019353020,2019-12-19T20:17:17.040Z,"95km NW of San Antonio, Puerto Rico",earthquake,1.76,12.25,0.25,6,reviewed,pr,pr
2019-12-19T18:36:40.797Z,-23.9928,-67.0378,218.86,4.6,mb,,87,1.473,0.77,us,us70006nlj,2019-12-19T19:23:28.040Z,"77km WNW of San Antonio de los Cobres, Argentina",earthquake,10,8.8,0.182,9,reviewed,us,us
2019-12-19T18:29:53.850Z,19.4875,-67.327,60,3.05,md,11,313,1.0425,0.17,pr,pr2019353019,2019-12-19T20:20:45.040Z,"108km NNW of San Antonio, Puerto Rico",earthquake,2.02,5.8,0.32,9,reviewed,pr,pr
2019-12-19T18:04:14.143Z,66.3172,-157.4034,0,2.8,ml,,,,0.83,ak,ak019g83g7ei,2019-12-19T18:16:11.347Z,"69km SSW of Kobuk, Alaska",earthquake,,0.5,,,automatic,ak,ak
2019-12-19T16:39:08.390Z,19.4241667,-155.6146667,-1.04,2.85,md,44,66,0.02456,0.15,hv,hv71284601,2019-12-19T21:12:27.040Z,"26km E of Honaunau-Napoopoo, Hawaii",earthquake,0.24,0.38,0.092,19,reviewed,hv,hv
2019-12-19T16:03:12.467Z,41.3906,19.5847,14.86,4.4,mb,,42,1.066,1.12,us,us70006nis,2019-12-19T22:22:25.968Z,"5km NNE of Shijak, Albania",earthquake,4.1,2.6,0.096,36,reviewed,us,us
2019-12-19T15:36:55.290Z,33.0218333,-117.7918333,24.59,2.62,ml,37,178,0.3891,0.2,ci,ci39005679,2019-12-20T09:12:25.935Z,"44km WSW of Carlsbad, CA",earthquake,0.47,1.38,0.139,81,reviewed,ci,ci
2019-12-19T15:36:35.042Z,35.10022354,-95.33123779,5,2.54,ml,17,232.015048,0.1520273387,0.4031367872,ok,ok2019yuhz,2019-12-19T20:00:29.040Z,"2km SE of Quinton, Oklahoma",earthquake,5.321435373,,,13,automatic,ok,ok
2019-12-19T15:30:12.980Z,40.2758333,-124.3633333,21.4,4.06,mw,28,231,0.02026,0.07,nc,nc73316566,2019-12-20T15:32:40.849Z,"9km SW of Petrolia, CA",earthquake,0.55,0.18,,4,reviewed,nc,nc
2019-12-19T15:25:58.827Z,1.7971,8.1886,10,5.5,mww,,34,2.779,0.7,us,us70006nih,2019-12-20T19:22:09.799Z,"87km ENE of Santo Antonio, Sao Tome and Principe",earthquake,7.3,1.8,0.065,23,reviewed,us,us
2019-12-19T15:19:40.949Z,38.4257,73.6733,140.95,4.4,mb,,126,1.799,0.7,us,us70006nid,2019-12-20T18:37:25.131Z,"38km NW of Murghob, Tajikistan",earthquake,7.6,7,0.239,5,reviewed,us,us
2019-12-19T15:14:50.380Z,47.6055,-121.820833333333,15.82,2.49,ml,48,53,,0.19,uw,uw61564561,2019-12-20T18:29:23.040Z,"6km NE of Fall City, Washington",earthquake,0.26,0.46,0.190558754918644,29,reviewed,uw,uw
2019-12-19T15:11:20.004Z,66.3331,-157.3317,6.9,3,ml,,,,0.66,ak,ak019g81pevg,2019-12-20T18:18:35.040Z,"67km SSW of Kobuk, Alaska",earthquake,,0.4,,,reviewed,ak,ak
2019-12-19T15:07:27.090Z,19.2643,-67.5046,67,3,md,6,338,0.8802,0.26,pr,pr2019353018,2019-12-19T19:34:30.040Z,"81km NW of San Antonio, Puerto Rico",earthquake,7.14,15.59,0.22,6,reviewed,pr,pr
2019-12-19T15:00:38.992Z,17.9397,-61.5214,29.4,4.3,mwr,,136,0.369,0.66,us,us70006ni5,2019-12-19T23:03:04.749Z,"46km NE of Codrington, Barbuda",earthquake,6.2,6.6,0.059,28,reviewed,us,us
2019-12-19T14:41:56.776Z,13.6794,-91.248,43.5,4.7,mb,,154,0.945,1.24,us,us70006nhs,2019-12-19T15:56:52.040Z,"49km SSW of La Gomera, Guatemala",earthquake,9.1,8.1,0.033,276,reviewed,us,us
2019-12-19T14:27:36.300Z,-6.3608,130.841,112.66,4.3,mb,,100,1.674,1.11,us,us70006nhm,2019-12-19T16:11:43.040Z,"183km NNW of Saumlaki, Indonesia",earthquake,10.8,10.8,0.177,9,reviewed,us,us
2019-12-19T14:12:29.180Z,19.0475,-67.8091,24,2.91,md,11,320,0.7406,0.36,pr,pr2019353017,2019-12-19T17:09:52.253Z,"81km NE of Punta Cana, Dominican Republic",earthquake,2.07,24.99,0.38,7,reviewed,pr,pr
2019-12-19T14:09:53.881Z,59.2765,-153.5836,110.5,3.9,ml,,,,0.42,ak,ak019g813maq,2019-12-19T20:21:02.523Z,"88km ESE of Old Iliamna, Alaska",earthquake,,0.3,,,reviewed,ak,ak
2019-12-19T13:19:54.230Z,14.7541,-93.8311,35,4.1,mb,,183,2.08,1.33,us,us70006ngv,2019-12-19T15:32:52.040Z,"123km SSW of Pijijiapan, Mexico",earthquake,8.7,2,0.139,14,reviewed,us,us
2019-12-19T12:41:53.320Z,47.6016666666667,-121.787666666667,16.19,2.95,ml,68,55,,0.35,uw,uw61564541,2019-12-20T10:03:26.411Z,"8km NNE of Snoqualmie, Washington",earthquake,0.33,0.66,0.178934288667519,35,reviewed,uw,uw
2019-12-19T12:39:11.400Z,13.6428,-91.331,35,5.1,mb,,199,0.945,1.19,us,us70006ngc,2019-12-19T22:34:33.728Z,"57km SSW of La Gomera, Guatemala",earthquake,3.3,2,0.074,60,reviewed,us,us
2019-12-19T12:35:32.201Z,13.6896,-91.3137,31.22,5.9,mww,,126,0.908,1.42,us,us70006ng5,2019-12-20T12:37:54.597Z,"52km SSW of La Gomera, Guatemala",earthquake,7.6,4.3,0.059,28,reviewed,us,us
2019-12-19T12:07:55.798Z,32.525,87.0848,10,4.9,mb,,132,8.092,0.87,us,us70006nf9,2019-12-19T12:30:55.040Z,"205km NE of Maindong, China",earthquake,9.8,1.9,0.065,74,reviewed,us,us
2019-12-19T11:55:32.506Z,18.5517,145.6138,186.76,5.6,mww,,21,3.296,1.11,us,us70006nf0,2019-12-20T12:05:35.764Z,"24km SSW of Agrihan, Northern Mariana Islands",earthquake,8,5.9,0.071,19,reviewed,us,us
2019-12-19T10:58:36.601Z,-23.6281,-179.9137,502.01,4.8,mb,,64,6.155,1.26,us,us70006nef,2019-12-19T11:27:23.040Z,"South of the Fiji Islands",earthquake,13,7.3,0.036,237,reviewed,us,us
2019-12-19T10:12:30.456Z,60.2111,-153.1675,140.2,2.6,ml,,,,0.63,ak,ak019g7yqh66,2019-12-19T10:23:09.496Z,"38km SW of Redoubt Volcano, Alaska",earthquake,,0.6,,,automatic,ak,ak
2019-12-19T10:11:51.495Z,6.6868,125.2688,10,4.7,mb,,87,0.489,0.76,us,us70006ne6,2019-12-19T12:24:09.297Z,"1km ENE of Matanao, Philippines",earthquake,4.9,1.9,0.115,23,reviewed,us,us
2019-12-19T09:04:22.830Z,19.2525,-67.5201,38,2.81,md,5,339,0.8851,0.29,pr,pr2019353016,2019-12-19T12:58:02.782Z,"95km NNW of San Antonio, Puerto Rico",earthquake,4.07,18.8,0.18,3,reviewed,pr,pr
2019-12-19T09:01:45.670Z,17.189,-67.6151,13,2.45,md,4,352,0.961,0.14,pr,pr2019353015,2019-12-19T12:32:37.687Z,"98km SSW of Pole Ojea, Puerto Rico",earthquake,8.21,11.86,0.26,4,reviewed,pr,pr
2019-12-19T08:10:09.720Z,40.1928333,-123.1081667,38.45,2.65,ml,52,37,0.2455,0.15,nc,nc73316461,2019-12-19T19:51:04.617Z,"41km S of Hayfork, CA",earthquake,0.31,0.93,0.157,14,reviewed,nc,nc
2019-12-19T07:34:52.734Z,37.0112,-104.9815,5,2.7,ml,,86,0.176,0.15,us,us70006nch,2019-12-19T07:51:54.040Z,"44km ESE of San Luis, Colorado",earthquake,1.6,2,0.043,86,reviewed,us,us
2019-12-19T07:17:34.990Z,19.2681,-67.7821,37,2.98,md,4,332,1.0445,0.31,pr,pr2019353012,2019-12-19T12:31:29.239Z,"100km NE of Punta Cana, Dominican Republic",earthquake,3.28,16.63,0.04,4,reviewed,pr,pr
2019-12-19T07:15:22.467Z,-21.2126,-70.123,32.9,4,mb,,163,0.237,0.77,us,us70006ncb,2019-12-19T07:43:20.040Z,"97km N of Tocopilla, Chile",earthquake,3.7,7.5,0.299,3,reviewed,us,us
2019-12-19T07:06:44.362Z,60.1887,-153.2388,147.4,3,ml,,,,0.61,ak,ak019g7wwx7i,2019-12-19T18:59:52.146Z,"32km SW of Redoubt Volcano, Alaska",earthquake,,0.4,,,reviewed,ak,ak
2019-12-19T06:43:51.006Z,58.4732,-137.7311,9.1,3.8,ml,,,,1.28,ak,ak019g7wjfof,2019-12-19T07:54:02.490Z,"108km W of Gustavus, Alaska",earthquake,,0.5,,,reviewed,ak,ak
2019-12-19T06:21:33.937Z,40.6017,142.106,54.79,5.1,mww,,82,0.813,0.84,us,us70006nbm,2019-12-19T13:33:21.007Z,"52km ENE of Hachinohe, Japan",earthquake,5.9,5.8,0.08,15,reviewed,us,us
2019-12-19T05:40:04.660Z,19.1088,-67.8993,13,2.86,md,5,333,1.016,0.42,pr,pr2019353010,2019-12-19T06:37:53.247Z,"78km NE of Punta Cana, Dominican Republic",earthquake,20.47,28.79,0.23,4,reviewed,pr,pr
2019-12-19T05:09:26.850Z,19.1325,-66.65,8,2.89,md,3,344,0.8093,0.14,pr,pr2019353009,2019-12-19T06:37:28.775Z,"73km N of Arecibo, Puerto Rico",earthquake,8.21,11.83,0.02,3,reviewed,pr,pr
2019-12-19T04:49:39.280Z,-26.2885,178.3809,623.63,5.5,mww,,45,4.4,1.02,us,us70006nak,2019-12-20T04:51:15.969Z,"South of the Fiji Islands",earthquake,10.5,5.9,0.08,15,reviewed,us,us
2019-12-19T03:53:21.177Z,62.9912,-149.0548,59.8,2.8,ml,,,,0.69,ak,ak019g7ut7ms,2019-12-19T05:44:07.040Z,"44km S of Cantwell, Alaska",earthquake,,0.6,,,automatic,ak,ak
2019-12-19T03:43:26.490Z,19.064,-67.8191,10,2.83,md,8,324,0.7598,0.4,pr,pr2019353008,2019-12-19T06:37:06.735Z,"81km NE of Punta Cana, Dominican Republic",earthquake,18.38,26.85,0.27,8,reviewed,pr,pr
2019-12-19T03:38:31.320Z,48.6975,-125.082833333333,4.88,2.72,ml,14,166,,1.06,uw,uw61564496,2019-12-20T05:26:03.470Z,"43km SE of Ucluelet, Canada",earthquake,3.27,84.38,0.189644191715117,9,reviewed,uw,uw
2019-12-19T03:10:59.830Z,47.5996666666667,-121.766833333333,16.96,3.38,ml,73,55,,0.35,uw,uw61564491,2019-12-20T16:43:54.472Z,"5km NE of Fall City, Washington",earthquake,0.37,0.67,0.21489973611061,36,reviewed,uw,uw
2019-12-19T01:42:14.780Z,19.2083,-67.413,8,2.55,md,5,339,0.7999,0.07,pr,pr2019353006,2019-12-19T05:25:49.308Z,"85km NNW of San Antonio, Puerto Rico",earthquake,5.82,8.33,0.43,5,reviewed,pr,pr
2019-12-19T01:33:29.880Z,18.988,-67.2393,9,2.73,md,14,280,0.536,0.42,pr,pr2019353005,2019-12-19T05:25:29.940Z,"56km NNW of San Antonio, Puerto Rico",earthquake,1.57,1.94,0.38,14,reviewed,pr,pr
2019-12-19T01:06:43.720Z,17.9056,-66.5833,12,2.47,md,8,208,0.1391,0.22,pr,pr2019353000,2019-12-19T01:17:18.972Z,"12km SSE of Ponce, Puerto Rico",earthquake,0.8,0.59,0.26,8,reviewed,pr,pr
2019-12-19T00:33:04.897Z,-1.595,67.7775,10,4.7,mb,,79,5.613,0.75,us,us70006n9b,2019-12-19T00:52:39.040Z,"Carlsberg Ridge",earthquake,9,1.9,0.086,41,reviewed,us,us
2019-12-19T00:23:40.577Z,36.2728,140.8501,81.87,4.5,mb,,140,2.147,1.01,us,us70006n94,2019-12-19T03:50:25.040Z,"22km ESE of Oarai, Japan",earthquake,8.3,8.9,0.101,29,reviewed,us,us
2019-12-18T23:40:07.113Z,-22.0166,-68.7211,121.15,4.1,mb,,39,0.531,0.47,us,us70006n8s,2019-12-19T03:01:09.040Z,"54km NNE of Calama, Chile",earthquake,5.5,6.6,0.184,8,reviewed,us,us
2019-12-18T23:36:37.700Z,17.9081,-66.5885,11,2.5,md,13,208,0.1359,0.27,pr,pr2019352029,2019-12-19T04:04:02.185Z,"11km SSE of Ponce, Puerto Rico",earthquake,0.65,0.61,0.38,13,reviewed,pr,pr
2019-12-18T23:12:14.530Z,18.609,-64.2785,32,3.32,md,8,348,1.6383,0.35,pr,pr2019352028,2019-12-19T04:03:46.570Z,"41km ENE of Road Town, British Virgin Islands",earthquake,7.42,24.93,0.2,8,reviewed,pr,pr
2019-12-18T23:10:42.110Z,19.0745,-67.2646,16,2.94,md,7,319,0.6261,0.34,pr,pr2019352027,2019-12-19T04:03:27.761Z,"66km NNW of San Antonio, Puerto Rico",earthquake,11.37,22.62,0.21,6,reviewed,pr,pr
2019-12-18T23:05:24.570Z,19.3346,-65.8118,11,2.86,md,9,315,1.061,0.33,pr,pr2019352026,2019-12-19T04:03:10.865Z,"100km NNE of San Juan, Puerto Rico",earthquake,12.23,17.13,0.36,9,reviewed,pr,pr
2019-12-18T22:14:38.340Z,49.3375,-120.483333333333,-0.51,2.45,ml,7,230,,0.2,uw,uw61564461,2019-12-19T04:11:47.190Z,"13km S of Princeton, Canada",explosion,1.72,31.61,0.0845737375591524,7,reviewed,uw,uw
2019-12-18T22:10:58.924Z,-5.4485,152.1649,10,5.1,mb,,98,1.249,1.19,us,us70006n78,2019-12-18T22:27:25.040Z,"121km S of Kokopo, Papua New Guinea",earthquake,9.1,1.9,0.077,55,reviewed,us,us
2019-12-18T21:52:04.966Z,58.5562,-137.6671,2.2,5.2,ml,,,,0.58,ak,ak019g6hzf53,2019-12-20T10:37:33.928Z,"113km W of Gustavus, Alaska",earthquake,,0.1,,,reviewed,ak,ak
2019-12-18T21:43:15.600Z,17.8996,-66.5806,8,2.91,md,15,210,0.1455,0.2,pr,pr2019352021,2019-12-19T01:12:42.040Z,"15km SSW of Potala Pastillo, Puerto Rico",earthquake,0.6,1.02,0.26,11,reviewed,pr,pr
2019-12-18T18:44:51.068Z,-30.0203,-71.3623,40.56,4.4,mwr,,130,0.147,0.68,us,us60006tb2,2019-12-18T20:07:05.040Z,"7km SSW of Coquimbo, Chile",earthquake,5.9,6.5,,,reviewed,us,guc
2019-12-18T18:08:03.596Z,61.6667,-149.822,20,3.1,ml,,,,0.67,ak,ak019g6fxorp,2019-12-19T18:10:06.625Z,"4km N of Houston, Alaska",earthquake,,0.9,,,automatic,ak,ak
2019-12-18T17:38:56.010Z,19.4231667,-155.2768333,0.01,2.45,ml,27,63,0.001735,0.08,hv,hv71283221,2019-12-18T18:49:33.190Z,"4km WSW of Volcano, Hawaii",earthquake,0.11,0.1,0.089,5,reviewed,hv,hv
2019-12-18T17:35:55.910Z,19.507,-155.6611667,-0.03,2.66,ml,59,39,0.03931,0.17,hv,hv71283216,2019-12-18T19:41:35.520Z,"22km ENE of Honaunau-Napoopoo, Hawaii",earthquake,0.29,0.61,0.192,30,reviewed,hv,hv
2019-12-18T16:45:59.500Z,5.774,126.3666,53.78,4.5,mb,,116,1.506,0.86,us,us60006t7n,2019-12-18T23:26:12.040Z,"68km SSE of Pondaguitan, Philippines",earthquake,7.4,7.8,0.102,28,reviewed,us,us
2019-12-18T14:30:27.380Z,19.2833,-67.2498,9,2.9,md,7,304,0.8275,0.2,pr,pr20193520109,2019-12-18T17:25:31.563Z,"89km NNW of Isabela, Puerto Rico",earthquake,5.78,8.17,0.18,7,reviewed,pr,pr
2019-12-18T14:09:17.095Z,33.5792,71.6108,44.39,4.5,mb,,91,1.385,0.78,us,us60006t6q,2019-12-20T12:14:27.227Z,"14km E of Kohat, Pakistan",earthquake,5.8,3.5,0.08,53,reviewed,us,us
2019-12-18T13:13:54.320Z,19.1681,-67.7761,33,2.98,md,4,338,0.9658,0.28,pr,pr2019352018,2019-12-18T17:01:56.349Z,"92km NE of Punta Cana, Dominican Republic",earthquake,3.63,17.61,0.04,4,reviewed,pr,pr
2019-12-18T12:51:13.490Z,18.9305,-64.8181,96,3.32,md,4,339,1.2976,0.16,pr,pr2019352017,2019-12-18T16:28:45.847Z,"60km NNW of Road Town, British Virgin Islands",earthquake,4.36,4.52,0.11,3,reviewed,pr,pr
2019-12-18T12:24:58.210Z,-15.4309,-72.4383,134.19,4.6,mb,,133,3.545,0.99,us,us60006t5u,2019-12-18T13:12:15.040Z,"20km SSW of Orcopampa, Peru",earthquake,9.2,11.6,0.182,9,reviewed,us,us
2019-12-18T12:19:57.848Z,-23.3662,-177.1577,167.5,5.3,mww,,34,5.895,1.16,us,us60006t5r,2019-12-18T16:16:16.040Z,"South of the Fiji Islands",earthquake,10.4,6.5,0.08,15,reviewed,us,us
2019-12-18T11:54:17.077Z,43.432,145.8823,110.76,4.7,mb,,133,2.457,0.7,us,us60006t5k,2019-12-18T12:15:57.040Z,"27km ENE of Nemuro, Japan",earthquake,9.2,7.8,0.059,87,reviewed,us,us
2019-12-18T11:48:45.770Z,35.6018333,-117.4825,8.17,2.57,ml,36,41,0.008587,0.13,ci,ci39234568,2019-12-18T11:59:34.710Z,"18km E of Ridgecrest, CA",earthquake,0.19,0.39,0.15,25,automatic,ci,ci
2019-12-18T11:32:58.820Z,-15.1036,-174.488,175.71,4.3,mb,,159,2.881,0.56,us,us60006t5b,2019-12-18T11:58:33.040Z,"122km NW of Hihifo, Tonga",earthquake,9.7,12.8,0.113,22,reviewed,us,us
2019-12-18T10:51:15.160Z,19.3383,-67.1461,15,2.71,md,6,325,0.8715,0.26,pr,pr2019352010,2019-12-18T13:28:04.040Z,"99km N of Isabela, Puerto Rico",earthquake,9.71,19.34,0.36,6,reviewed,pr,pr
2019-12-18T10:21:17.359Z,64.2048,-147.4295,5.3,2.5,ml,,,,0.8,ak,ak019g6b918y,2019-12-18T10:32:02.040Z,"43km SW of Salcha, Alaska",earthquake,,0.2,,,automatic,ak,ak
2019-12-18T09:51:17.414Z,38.4891,-29.0528,10,4.8,mb,,83,2.875,0.73,us,us60006t4j,2019-12-19T00:31:39.206Z,"30km W of Ribeira Grande, Portugal",earthquake,11,1.9,0.049,131,reviewed,us,us
2019-12-18T09:49:16.070Z,18.5078,-66.6093,86,2.6,md,9,205,0.2166,0.2,pr,pr2019352012,2019-12-18T12:45:48.983Z,"7km NNE of Animas, Puerto Rico",earthquake,1.73,1.13,0.32,9,reviewed,pr,pr
2019-12-18T09:20:27.460Z,19.2995,-67.4621,30,2.92,md,5,339,0.903,0.3,pr,pr2019352014,2019-12-18T13:31:37.040Z,"92km NNW of San Antonio, Puerto Rico",earthquake,4.1,18.84,0.07,5,reviewed,pr,pr
2019-12-18T09:18:23.116Z,23.3277,142.5401,57.37,4.9,mb,,95,3.765,0.99,us,us60006t44,2019-12-18T09:36:02.040Z,"202km SE of Iwo Jima, Japan",earthquake,10.7,7.6,0.052,117,reviewed,us,us
2019-12-18T08:40:36.650Z,19.2063,-66.8116,33,2.99,md,6,297,0.7972,0.24,pr,pr2019352013,2019-12-18T13:10:56.764Z,"79km N of Hatillo, Puerto Rico",earthquake,2.52,10.24,0.01,5,reviewed,pr,pr
2019-12-18T08:37:51.680Z,19.134,-67.8176,36,2.97,md,7,332,0.9712,0.33,pr,pr2019352011,2019-12-18T13:10:31.132Z,"86km NE of Punta Cana, Dominican Republic",earthquake,2.88,20.99,0.16,7,reviewed,pr,pr
2019-12-18T08:11:03.916Z,-20.2541,-69.0268,97.87,4.9,mb,,56,0.163,0.99,us,us60006t3a,2019-12-19T23:28:05.040Z,"116km E of Iquique, Chile",earthquake,6.4,6,0.075,55,reviewed,us,us
2019-12-18T07:04:21.340Z,19.1093,-67.6395,27,2.89,md,5,336,0.8313,0.25,pr,pr2019352008,2019-12-18T11:55:53.521Z,"88km NW of San Antonio, Puerto Rico",earthquake,3.02,16.95,0.17,5,reviewed,pr,pr
2019-12-18T06:58:21.110Z,19.0936,-67.6308,10,3.04,md,7,327,0.8136,0.68,pr,pr2019352007,2019-12-18T08:40:48.918Z,"87km NW of San Antonio, Puerto Rico",earthquake,4.74,31.61,0.09,4,reviewed,pr,pr
2019-12-18T06:20:28.620Z,19.2245,-67.645,49,2.98,md,5,329,1.1885,0.5,pr,pr2019352006,2019-12-18T08:14:07.544Z,"99km NW of San Antonio, Puerto Rico",earthquake,7.66,29.77,0.17,3,reviewed,pr,pr
2019-12-18T05:15:55.990Z,19.3571,-67.3163,39,2.58,md,4,327,1.2036,0.4,pr,pr2019352004,2019-12-18T08:11:52.688Z,"98km NNW of San Antonio, Puerto Rico",earthquake,5.1,29.92,0.28,4,reviewed,pr,pr
2019-12-18T04:44:14.427Z,-41.1773,-89.2325,10,5.5,mww,,126,11.173,0.93,us,us60006t11,2019-12-19T04:46:17.434Z,"Southeast of Easter Island",earthquake,11.6,1.9,0.051,37,reviewed,us,us
2019-12-18T03:56:05.390Z,19.129,-67.2151,10,2.53,md,5,320,0.9081,0.94,pr,pr2019352003,2019-12-18T08:11:28.552Z,"71km N of San Antonio, Puerto Rico",earthquake,6.5,31.61,0.16,2,reviewed,pr,pr
2019-12-18T03:46:44.246Z,76.0226,7.0876,10,4.8,mb,,120,3.001,0.98,us,us60006t0j,2019-12-18T03:59:17.040Z,"Svalbard region",earthquake,9.6,1.9,0.054,106,reviewed,us,us
2019-12-18T03:34:35.810Z,66.3376,-157.2668,7.2,4,ml,,,,0.81,ak,ak019g675trf,2019-12-18T15:43:18.040Z,"64km SSW of Kobuk, Alaska",earthquake,,0.6,,,reviewed,ak,ak
2019-12-18T02:26:12.900Z,19.0911,-68.3378,137,3.34,md,12,337,1.112,0.59,pr,pr2019352002,2019-12-18T05:14:59.788Z,"56km N of Punta Cana, Dominican Republic",earthquake,10.32,10.01,0.47,10,reviewed,pr,pr
2019-12-18T01:56:44.070Z,-29.7521,-178.5187,10,5.9,mww,,62,0.72,0.56,us,us60006szl,2019-12-19T01:59:02.628Z,"80km SW of Raoul Island, New Zealand",earthquake,6.3,1.9,0.071,19,reviewed,us,us
2019-12-18T01:28:43.518Z,65.971,-166.4308,12.1,3.4,ml,,,,0.86,ak,ak019g65xou7,2019-12-18T09:31:14.594Z,"31km SSW of Shishmaref, Alaska",earthquake,,1.8,,,automatic,ak,ak
2019-12-18T01:25:00.330Z,19.1711,-67.797,44,2.73,md,5,339,0.9825,0.47,pr,pr2019352001,2019-12-18T05:14:48.236Z,"91km NE of Punta Cana, Dominican Republic",earthquake,6.36,29.41,0.25,4,reviewed,pr,pr
2019-12-18T00:32:16.073Z,-23.5793,-179.9526,539.95,4.9,mb,,70,5.927,0.94,us,us60006sy5,2019-12-18T01:08:05.040Z,"South of the Fiji Islands",earthquake,11.5,6.5,0.079,50,reviewed,us,us
2019-12-18T00:22:33.168Z,6.6969,125.1958,10,5,mb,,70,0.531,1.06,us,us60006sxu,2019-12-18T00:40:19.040Z,"6km WNW of Matanao, Philippines",earthquake,6.5,1.9,0.059,93,reviewed,us,us
2019-12-18T00:14:07.010Z,29.6392,104.9456,10,5.2,mb,,33,9.62,0.82,us,us60006sxj,2019-12-18T22:33:42.040Z,"12km WNW of Neijiang, China",earthquake,8.6,1.9,0.041,198,reviewed,us,us
2019-12-17T23:35:21.860Z,19.1168,-67.273,23,2.92,md,14,289,0.6692,0.46,pr,pr2019351078,2019-12-18T05:11:43.228Z,"71km NNW of San Antonio, Puerto Rico",earthquake,1.86,28.8,0.33,13,reviewed,pr,pr
2019-12-17T23:35:21.532Z,27.3561,128.3116,40.65,5.1,mww,,52,0.519,0.96,us,us60006sxb,2019-12-18T04:38:38.982Z,"91km NNE of Nago, Japan",earthquake,6.6,6.8,0.08,15,reviewed,us,us
2019-12-17T23:33:48.425Z,36.5429,-112.7927,5,2.5,ml,,83,0.419,0.4,us,us60006sx9,2019-12-18T02:07:41.598Z,"50km SSW of Fredonia, Arizona",earthquake,1.8,2,0.045,66,reviewed,us,us
2019-12-17T22:38:16.495Z,-27.0322,-69.286,117.1,4.2,mb,,95,0.24,1.21,us,us60006swk,2019-12-17T23:26:22.040Z,"105km SE of Diego de Almagro, Chile",earthquake,6.4,7.8,0.235,5,reviewed,us,us
2019-12-17T22:35:17.000Z,19.3616,-67.491,10,2.92,md,5,341,0.9714,0.35,pr,pr2019351077,2019-12-18T04:15:11.040Z,"77km NNE of Punta Cana, Dominican Republic",earthquake,17.48,24.95,0.14,5,reviewed,pr,pr
2019-12-17T22:01:41.630Z,35.6185,-117.4421667,6.79,2.62,ml,39,49,0.03586,0.13,ci,ci39233728,2019-12-18T16:43:44.990Z,"17km SSW of Searles Valley, CA",earthquake,0.2,0.37,0.147,25,automatic,ci,ci
2019-12-17T21:25:27.779Z,-24.0994,-67.2556,203.39,4.3,mb,,75,1.422,0.9,us,us60006suv,2019-12-17T22:05:05.040Z,"96km W of San Antonio de los Cobres, Argentina",earthquake,11.6,12.5,0.307,3,reviewed,us,us
2019-12-17T21:13:13.687Z,31.1383,-103.043,5,2.9,mb_lg,,42,0.081,0.64,us,us60006suh,2019-12-17T21:52:06.040Z,"31km NNW of Fort Stockton, Texas",earthquake,1,1.1,0.117,22,reviewed,us,us
2019-12-17T20:23:01.139Z,-22.4873,170.4242,10,4.8,mww,,98,2.436,1.2,us,us60006stq,2019-12-18T20:07:47.040Z,"167km W of Ile Hunter, New Caledonia",earthquake,7.7,1.9,0.086,13,reviewed,us,us
2019-12-17T20:18:04.853Z,6.5217,125.5161,11.45,5.4,mww,,52,0.548,0.9,us,us60006st8,2019-12-18T20:20:19.953Z,"3km ESE of Basiawan, Philippines",earthquake,8.1,2.4,0.073,18,reviewed,us,us
2019-12-17T20:17:19.817Z,31.2373,130.3071,159.71,4.4,mb,,55,1.943,0.93,us,us60006stc,2019-12-18T19:11:07.040Z,"3km SSW of Makurazaki, Japan",earthquake,7.5,6.8,0.076,55,reviewed,us,us
2019-12-17T20:05:30.725Z,30.7427,142.2374,10,4.4,mb,,151,3.137,0.92,us,us60006ssy,2019-12-18T18:55:02.040Z,"Izu Islands, Japan region",earthquake,8.2,1.9,0.103,31,reviewed,us,us
2019-12-17T19:16:22.432Z,-5.6241,152.0402,58.05,4.1,mb,,102,1.428,0.58,us,us60006ss8,2019-12-18T18:47:16.040Z,"142km S of Kokopo, Papua New Guinea",earthquake,8,9.9,0.157,15,reviewed,us,us
2019-12-17T18:53:45.344Z,40.9925,19.6537,13.46,4.4,mb,,54,1.283,0.78,us,us60006srv,2019-12-19T20:36:31.284Z,"7km NW of Lushnje, Albania",earthquake,2.2,5.8,0.139,17,reviewed,us,us
2019-12-17T18:29:21.030Z,35.8058333,-120.356,6.25,4.29,mw,78,45,0.02666,0.08,nc,nc73315876,2019-12-20T08:14:20.174Z,"11km NNW of Cholame, CA",earthquake,0.12,0.22,,8,reviewed,nc,nc
2019-12-17T17:53:56.950Z,29.7999,139.1262,398.3,4.4,mb,,80,3.357,0.87,us,us60006sqk,2019-12-18T17:15:55.040Z,"Izu Islands, Japan region",earthquake,8.5,6.3,0.043,168,reviewed,us,us
2019-12-17T17:02:19.950Z,36.1083333,-117.8608333,2.56,2.62,ml,30,54,0.01042,0.19,ci,ci39233368,2019-12-17T17:13:58.573Z,"11km NE of Coso Junction, CA",earthquake,0.3,0.44,0.253,26,automatic,ci,ci
2019-12-17T16:51:24.260Z,18.8723,-67.6356,55,2.96,md,4,334,0.6625,0.19,pr,pr2019351072,2019-12-18T02:13:15.488Z,"70km NW of Aguadilla, Puerto Rico",earthquake,2.9,4.56,0.22,4,reviewed,pr,pr
2019-12-17T16:37:21.590Z,19.0848,-67.7396,11,3.23,md,13,317,0.7472,0.45,pr,pr2019351032,2019-12-17T18:19:20.040Z,"89km NW of San Antonio, Puerto Rico",earthquake,16.9,24.15,0.37,13,reviewed,pr,pr
2019-12-17T16:33:42.530Z,19.2306,-67.6693,47,2.8,md,4,339,1.2055,0.19,pr,pr2019351070,2019-12-18T02:12:57.888Z,"101km NW of San Antonio, Puerto Rico",earthquake,3.98,15.29,0.2,4,reviewed,pr,pr
2019-12-17T16:14:21.627Z,-45.0179,167.42,122.74,4.2,mb,,102,0.484,0.5,us,us60006spc,2019-12-17T16:36:31.040Z,"50km NNW of Te Anau, New Zealand",earthquake,8.1,8.6,0.373,2,reviewed,us,us
2019-12-17T15:28:32.440Z,35.6738333,-117.5256667,11.63,2.66,ml,31,55,0.06263,0.16,ci,ci39233216,2019-12-17T17:13:45.068Z,"15km ENE of Ridgecrest, CA",earthquake,0.24,0.73,0.202,25,automatic,ci,ci
2019-12-17T15:25:14.564Z,60.3633,-139.6991,6.36,2.5,ml,,77,0.385,0.46,us,us60006sp2,2019-12-17T16:45:04.040Z,"90km N of Yakutat, Alaska",earthquake,1.5,8.6,0.042,74,reviewed,us,us
2019-12-17T14:58:47.180Z,19.2593,-67.6335,29,3,md,8,329,0.8884,0.31,pr,pr2019351067,2019-12-18T02:12:38.640Z,"101km NNW of San Antonio, Puerto Rico",earthquake,2.71,19.38,0.26,7,reviewed,pr,pr
2019-12-17T14:51:20.481Z,66.3305,-157.2927,7.4,3,ml,,,,0.38,ak,ak019g4q9ux1,2019-12-17T18:56:12.040Z,"66km SSW of Kobuk, Alaska",earthquake,,0.2,,,reviewed,ak,ak
2019-12-17T14:42:09.320Z,19.2943,-67.024,26,2.76,md,3,355,0.8314,0.14,pr,pr2019351069,2019-12-18T01:31:05.107Z,"87km N of Isabela, Puerto Rico",earthquake,9.55,12.79,0.19,3,reviewed,pr,pr
2019-12-17T14:27:07.140Z,20.774,-155.6566667,12.09,2.68,ml,48,228,0.5535,0.15,hv,hv71282126,2019-12-17T22:44:17.020Z,"34km E of Hana, Hawaii",earthquake,0.76,1.29,0.088,5,reviewed,hv,hv
2019-12-17T14:23:45.900Z,19.3355,-67.5701,40,2.82,md,6,340,0.9818,0.21,pr,pr2019351068,2019-12-18T01:30:48.635Z,"105km NNW of San Antonio, Puerto Rico",earthquake,2.71,14.24,0.28,5,reviewed,pr,pr
2019-12-17T14:17:07.837Z,63.0588,-150.7304,122.3,2.8,ml,,,,0.53,ak,ak019g4q2jh7,2019-12-17T16:38:51.040Z,"87km NNW of Talkeetna, Alaska",earthquake,,0.4,,,automatic,ak,ak
2019-12-17T13:43:41.880Z,61.3882,-149.9482,30.5,3.2,ml,,,,0.62,ak,ak019g4pmr5d,2019-12-18T18:37:39.900Z,"14km S of Big Lake, Alaska",earthquake,,0.3,,,reviewed,ak,ak
2019-12-17T13:14:47.180Z,19.3305,-67.5655,47,2.86,md,5,340,0.9753,0.26,pr,pr2019351066,2019-12-18T01:30:28.371Z,"105km NNW of San Antonio, Puerto Rico",earthquake,4.25,17.47,0.11,4,reviewed,pr,pr
2019-12-17T12:50:47.690Z,19.2395,-67.8665,48,2.62,md,9,333,0.9386,0.32,pr,pr2019351065,2019-12-18T01:30:10.931Z,"92km NE of Punta Cana, Dominican Republic",earthquake,4.21,19.4,0.34,8,reviewed,pr,pr
2019-12-17T12:46:36.470Z,19.073,-67.8395,33,2.88,md,5,338,0.7771,0.13,pr,pr2019351064,2019-12-18T00:24:43.431Z,"80km NE of Punta Cana, Dominican Republic",earthquake,2.1,13.61,0.18,5,reviewed,pr,pr
2019-12-17T12:36:45.940Z,18.9545,-67.6458,10,2.68,md,4,326,0.7232,0.3,pr,pr2019351063,2019-12-18T00:24:28.550Z,"77km NW of San Antonio, Puerto Rico",earthquake,2.78,31.61,0.1,4,reviewed,pr,pr
2019-12-17T12:35:15.750Z,19.217,-67.9561,14,2.94,md,7,334,0.9595,0.33,pr,pr2019351061,2019-12-18T00:24:13.391Z,"84km NNE of Punta Cana, Dominican Republic",earthquake,3.4,31.61,0.1,7,reviewed,pr,pr
2019-12-17T11:34:41.780Z,19.2021,-67.5113,10,2.8,md,5,337,0.8365,0.33,pr,pr2019351060,2019-12-18T00:23:56.151Z,"89km NNW of San Antonio, Puerto Rico",earthquake,4.17,31.61,0.21,5,reviewed,pr,pr
2019-12-17T11:27:16.410Z,19.248,-67.824,40,3.18,md,11,332,0.9298,0.29,pr,pr2019351059,2019-12-18T00:23:38.703Z,"95km NE of Punta Cana, Dominican Republic",earthquake,2.82,18.49,0.26,9,reviewed,pr,pr
2019-12-17T11:16:58.124Z,31.6161,-104.1905,5,3.4,mb_lg,,61,0.369,0.37,us,us60006sme,2019-12-18T00:33:40.954Z,"56km W of Mentone, Texas",earthquake,1.3,1.9,0.07,101,reviewed,us,us
2019-12-17T11:02:59.800Z,19.2393,-67.2708,25,3.57,md,14,295,0.7881,0.3,pr,pr2019351010,2019-12-17T11:33:30.570Z,"84km NNW of San Antonio, Puerto Rico",earthquake,1.58,18.77,0.18,11,reviewed,pr,pr
2019-12-17T10:55:11.540Z,19.2145,-67.8086,41,2.93,md,5,339,1.0219,0.19,pr,pr2019351057,2019-12-17T23:13:43.364Z,"94km NE of Punta Cana, Dominican Republic",earthquake,2.93,14.96,0.19,5,reviewed,pr,pr
2019-12-17T10:35:37.800Z,17.8323,-65.4348,33,2.98,md,4,343,1.4158,0.17,pr,pr2019351056,2019-12-17T23:13:27.300Z,"29km S of Esperanza, Puerto Rico",earthquake,3.49,16.309,0.11,4,reviewed,pr,pr
2019-12-17T10:17:21.940Z,19.2818,-66.8491,32,2.77,md,3,357,1.1311,0.17,pr,pr2019351054,2019-12-17T22:42:16.620Z,"88km NNE of Isabela, Puerto Rico",earthquake,12.51,15.94,0.02,3,reviewed,pr,pr
2019-12-17T10:10:03.350Z,19.2958,-67.7515,44,2.95,md,9,332,0.9511,0.24,pr,pr2019351053,2019-12-17T22:42:04.790Z,"104km NE of Punta Cana, Dominican Republic",earthquake,2.9,15.4,0.28,8,reviewed,pr,pr
2019-12-17T10:06:30.000Z,19.1831,-67.7678,32,3,md,6,339,0.9712,0.25,pr,pr2019351052,2019-12-17T22:41:52.518Z,"94km NE of Punta Cana, Dominican Republic",earthquake,3.21,18.96,0.23,5,reviewed,pr,pr
2019-12-17T10:01:42.170Z,19.1965,-67.728,10,2.68,md,8,330,0.8493,0.33,pr,pr2019351051,2019-12-17T21:33:08.579Z,"98km NE of Punta Cana, Dominican Republic",earthquake,2.85,31.61,0.36,8,reviewed,pr,pr
2019-12-17T10:00:58.680Z,19.296,-66.9463,40,2.74,md,3,358,1.1289,0.26,pr,pr2019351050,2019-12-17T21:32:56.394Z,"88km N of Isabela, Puerto Rico",earthquake,15.73,15.13,0.05,3,reviewed,pr,pr
2019-12-17T09:54:44.550Z,19.2246,-67.7001,34,3.22,md,9,330,0.8687,0.46,pr,pr2019351075,2019-12-18T02:59:55.829Z,"102km NE of Punta Cana, Dominican Republic",earthquake,3.83,28.79,0.35,7,reviewed,pr,pr
2019-12-17T09:02:12.730Z,19.1908,-67.3731,10,2.66,md,5,337,0.7693,0.59,pr,pr2019351076,2019-12-18T02:59:15.205Z,"82km NNW of San Antonio, Puerto Rico",earthquake,9,31.61,0.17,3,reviewed,pr,pr
2019-12-17T08:56:22.970Z,19.0513,-67.754,11,2.86,md,11,318,0.7213,0.49,pr,pr2019351005,2019-12-17T09:34:58.714Z,"86km NE of Punta Cana, Dominican Republic",earthquake,17.99,26.22,0.35,11,reviewed,pr,pr
2019-12-17T08:50:09.790Z,19.2711,-67.2361,26,3.09,md,7,324,0.8133,0.31,pr,pr2019351074,2019-12-18T02:58:24.741Z,"87km N of San Antonio, Puerto Rico",earthquake,3.25,21.45,0.13,4,reviewed,pr,pr
2019-12-17T08:30:36.970Z,19.247,-67.1245,46,2.69,md,4,357,0.7796,0.31,pr,pr2019351073,2019-12-18T05:17:57.436Z,"83km N of Isabela, Puerto Rico",earthquake,17.4,14.67,0.26,4,reviewed,pr,pr
2019-12-17T08:25:43.320Z,19.1151,-67.1751,37,2.59,md,3,357,0.9435,0.15,pr,pr2019351071,2019-12-18T02:06:58.128Z,"69km NNW of Isabela, Puerto Rico",earthquake,11.51,11.58,0.17,3,reviewed,pr,pr
2019-12-17T08:10:58.090Z,19.0511,-67.3878,67,2.93,md,5,334,0.6458,0.37,pr,pr2019351058,2019-12-18T01:06:10.757Z,"68km NNW of San Antonio, Puerto Rico",earthquake,5.19,10.73,0.16,5,reviewed,pr,pr
2019-12-17T08:05:05.340Z,19.2371,-67.4756,56,2.82,md,7,326,0.8515,0.27,pr,pr2019351055,2019-12-18T01:05:35.548Z,"91km NNW of San Antonio, Puerto Rico",earthquake,5.86,16.05,0.33,6,reviewed,pr,pr
2019-12-17T07:55:46.880Z,19.0186,-67.7988,24,3.34,md,12,319,0.7102,0.36,pr,pr2019351004,2019-12-19T03:07:42.413Z,"80km NE of Punta Cana, Dominican Republic",earthquake,2.74,25.02,0.33,8,reviewed,pr,pr
2019-12-17T07:36:24.873Z,55.9859,-149.8123,10.2,2.9,ml,,,,0.65,ak,ak019g4m0oi5,2019-12-17T17:00:48.868Z,"255km SE of Kodiak, Alaska",earthquake,,2.8,,,reviewed,ak,ak
2019-12-17T07:32:24.738Z,-44.4898,37.1471,10,4.8,mb,,54,13.975,1.05,us,us60006skh,2019-12-17T08:38:02.040Z,"273km N of Marion Island, Prince Edward Islands",earthquake,9.3,1.8,0.098,32,reviewed,us,us
2019-12-17T06:57:45.240Z,35.7165,-117.5738333,4.33,3.61,ml,48,47,0.09433,0.18,ci,ci39232936,2019-12-18T06:59:35.389Z,"14km NE of Ridgecrest, CA",earthquake,0.15,0.43,0.144,124,reviewed,ci,ci
2019-12-17T06:57:29.950Z,38.3665009,-122.1600037,0.04,2.5,md,5,156,0.1031,0.08,nc,nc73315641,2019-12-18T04:11:37.715Z,"13km N of Green Valley, CA",earthquake,0.61,3.78,0.05,5,automatic,nc,nc
2019-12-17T06:53:31.382Z,-6.2549,130.2224,157.76,4.3,mb,,70,2.021,1.26,us,us60006sk7,2019-12-17T07:59:52.040Z,"223km NNW of Saumlaki, Indonesia",earthquake,9.5,11,0.119,20,reviewed,us,us
2019-12-17T06:47:27.807Z,63.5843,-150.9738,11.8,2.6,ml,,,,0.72,ak,ak019g4lhjjb,2019-12-17T07:00:05.667Z,"103km WSW of Healy, Alaska",earthquake,,0.2,,,automatic,ak,ak
2019-12-17T06:45:19.858Z,18.817,147.09,51.92,4.9,mb,,83,3.767,0.54,us,us60006sk8,2019-12-17T07:13:45.040Z,"150km E of Agrihan, Northern Mariana Islands",earthquake,8,6.6,0.054,127,reviewed,us,us
2019-12-17T06:24:42.000Z,19.249,-67.6886,46,2.88,md,7,331,0.9716,0.32,pr,pr2019351041,2019-12-17T19:02:24.517Z,"104km NW of San Antonio, Puerto Rico",earthquake,4.059,19.65,0.19,7,reviewed,pr,pr
2019-12-17T06:21:18.013Z,68.817,-146.1956,0,3.2,ml,,,,0.81,ak,ak019g4lbydx,2019-12-17T06:34:36.732Z,"81km NNW of Arctic Village, Alaska",earthquake,,0.7,,,automatic,ak,ak
2019-12-17T06:07:17.303Z,6.618,125.1816,10,4.9,mb,,74,0.597,1.06,us,us60006sjw,2019-12-17T07:24:30.851Z,"6km W of Kiblawan, Philippines",earthquake,5,1.9,0.074,75,reviewed,us,us
2019-12-17T05:54:50.425Z,60.3392,-139.6387,0,2.9,ml,,,,0.65,ak,ak019g4kxnxu,2019-12-17T06:07:38.991Z,"88km N of Yakutat, Alaska",earthquake,,0.3,,,automatic,ak,ak
2019-12-17T05:54:04.680Z,19.069,-67.5891,30,2.83,md,9,326,0.6933,0.26,pr,pr2019351038,2019-12-17T18:37:35.702Z,"82km NW of San Antonio, Puerto Rico",earthquake,2.02,16.56,0.21,8,reviewed,pr,pr
2019-12-17T05:48:23.460Z,19.1378,-67.2046,10,2.89,md,5,336,0.6768,0.28,pr,pr2019351036,2019-12-17T18:36:01.886Z,"72km N of San Antonio, Puerto Rico",earthquake,3.37,31.61,0.12,5,reviewed,pr,pr
2019-12-17T05:44:07.510Z,19.1615,-67.1423,46,2.68,md,3,357,0.9874,0.17,pr,pr2019351035,2019-12-17T18:11:49.176Z,"74km N of Isabela, Puerto Rico",earthquake,12.68,14.27,0.11,3,reviewed,pr,pr
2019-12-17T05:39:57.910Z,19.2193,-68.0288,45,2.77,md,5,335,1.1862,0.28,pr,pr2019351033,2019-12-17T17:49:22.810Z,"80km NNE of Punta Cana, Dominican Republic",earthquake,3.37,19.67,0.37,4,reviewed,pr,pr
2019-12-17T05:32:05.710Z,19.0828,-67.2906,41,3.07,md,6,320,0.6409,0.57,pr,pr2019351030,2019-12-17T16:55:43.693Z,"68km NNW of San Antonio, Puerto Rico",earthquake,3.84,12.78,0.19,6,reviewed,pr,pr
2019-12-17T05:28:37.570Z,19.3398,-67.2895,27,3.25,md,14,300,0.8903,0.45,pr,pr2019351003,2019-12-17T05:56:33.377Z,"95km NNW of San Antonio, Puerto Rico",earthquake,2.14,28.5,0.37,12,reviewed,pr,pr
2019-12-17T05:03:28.650Z,19.1883,-67.7126,34,2.87,md,8,319,0.8371,0.28,pr,pr2019351049,2019-12-18T10:29:33.647Z,"99km NE of Punta Cana, Dominican Republic",earthquake,2.22,17.75,0.3,7,reviewed,pr,pr
2019-12-17T04:57:16.610Z,19.1566,-67.5586,45,2.82,md,7,327,0.8216,0.16,pr,pr2019351040,2019-12-17T18:41:36.662Z,"88km NNW of San Antonio, Puerto Rico",earthquake,1.94,8.34,0.22,7,reviewed,pr,pr
2019-12-17T04:56:25.690Z,19.3606,-67.152,38,2.57,md,4,357,0.894,0.26,pr,pr2019351037,2019-12-17T18:28:07.790Z,"96km N of Isabela, Puerto Rico",earthquake,14.96,13.71,0.14,4,reviewed,pr,pr
2019-12-17T04:36:07.629Z,62.8061,-148.8131,27.2,3.1,ml,,,,0.77,ak,ak019g4k8a4t,2019-12-17T05:24:11.040Z,"65km S of Cantwell, Alaska",earthquake,,0.5,,,automatic,ak,ak
2019-12-17T04:21:58.670Z,19.0803,-67.865,10,3.27,md,13,322,0.7957,0.5,pr,pr2019351002,2019-12-17T04:54:22.749Z,"79km NE of Punta Cana, Dominican Republic",earthquake,3.56,31.61,0.19,9,reviewed,pr,pr
2019-12-17T04:18:28.350Z,19.2876,-67.671,36,2.84,md,8,330,0.9929,0.34,pr,pr2019351026,2019-12-17T16:01:43.545Z,"106km NW of San Antonio, Puerto Rico",earthquake,2.85,21.04,0.29,8,reviewed,pr,pr
2019-12-17T03:59:13.330Z,19.2925,-67.2745,49,2.89,md,10,297,0.841,0.3,pr,pr2019351048,2019-12-17T20:48:00.990Z,"90km NNW of San Antonio, Puerto Rico",earthquake,2.55,8.89,0.43,10,reviewed,pr,pr
2019-12-17T03:48:43.710Z,19.521,-155.6663333,4.84,2.55,ml,47,41,0.03814,0.12,hv,hv71281701,2019-12-17T04:10:10.450Z,"22km ENE of Honaunau-Napoopoo, Hawaii",earthquake,0.26,0.43,0.118,26,reviewed,hv,hv
2019-12-17T02:49:54.880Z,19.182,-67.1421,26,2.75,md,4,357,0.7152,0.18,pr,pr2019351045,2019-12-17T19:57:32.833Z,"76km N of Isabela, Puerto Rico",earthquake,13.01,14.41,0.2,3,reviewed,pr,pr
2019-12-17T02:48:37.444Z,58.2499,158.9255,14.61,4.4,mb,,169,4.432,0.81,us,us60006sii,2019-12-17T03:16:51.040Z,"52km NNE of Tigil', Russia",earthquake,15.8,6,0.098,30,reviewed,us,us
2019-12-17T02:35:46.520Z,19.1873,-67.267,33,2.79,md,3,358,1.0276,0.24,pr,pr2019351043,2019-12-17T19:31:52.842Z,"78km NNW of San Antonio, Puerto Rico",earthquake,14.75,16.96,0.19,3,reviewed,pr,pr
2019-12-17T02:34:07.560Z,19.448,-67.2231,35,2.96,md,7,328,0.9868,0.28,pr,pr2019351042,2019-12-17T19:31:39.995Z,"106km N of Isabela, Puerto Rico",earthquake,2.51,19.01,0.07,5,reviewed,pr,pr
2019-12-17T02:25:58.310Z,19.1288,-67.662,10,2.73,md,5,335,0.7665,0.37,pr,pr2019351039,2019-12-17T18:49:41.893Z,"92km NW of San Antonio, Puerto Rico",earthquake,17.87,25.99,0,3,reviewed,pr,pr
2019-12-17T02:25:05.670Z,18.9965,-67.6155,25,2.84,md,5,335,0.7309,0.25,pr,pr2019351028,2019-12-17T18:48:26.245Z,"78km NW of San Antonio, Puerto Rico",earthquake,2.81,17.93,0.06,4,reviewed,pr,pr
2019-12-17T02:21:39.500Z,19.1903,-66.9571,54,2.79,md,3,356,1.0226,0.17,pr,pr2019351025,2019-12-17T18:47:52.662Z,"76km N of Isabela, Puerto Rico",earthquake,9.48,8.57,0.13,2,reviewed,pr,pr
2019-12-17T02:18:04.520Z,19.4361,-67.227,29,2.93,md,4,358,0.9755,0.22,pr,pr2019351024,2019-12-18T14:17:16.432Z,"105km NNW of Isabela, Puerto Rico",earthquake,15.12,12.82,0.17,3,reviewed,pr,pr
2019-12-17T02:15:28.193Z,60.6012,-152.2971,104.9,4.2,ml,,,,0.43,ak,ak019g4iwye2,2019-12-17T20:00:47.040Z,"29km ENE of Redoubt Volcano, Alaska",earthquake,,0.2,,,reviewed,ak,ak
2019-12-17T02:11:30.584Z,2.0073,98.9854,127.37,4.3,mb,,102,1.573,0.5,us,us60006si6,2019-12-17T02:37:11.040Z,"37km NE of Sibolga, Indonesia",earthquake,8.3,9.2,0.111,23,reviewed,us,us
2019-12-17T02:09:28.172Z,56.5377,-148.3182,11.8,3.1,ml,,,,0.56,ak,ak019g4ivnsx,2019-12-17T02:59:42.390Z,"283km ESE of Kodiak, Alaska",earthquake,,3.7,,,reviewed,ak,ak
2019-12-17T02:04:05.322Z,-23.4153,-179.9663,542.41,5.1,mb,,63,5.938,0.87,us,us60006shv,2019-12-17T02:19:13.040Z,"South of the Fiji Islands",earthquake,11.1,8.9,0.091,39,reviewed,us,us
2019-12-17T02:02:40.660Z,18.9878,-67.1665,62,2.86,md,3,357,0.5232,0.25,pr,pr2019351027,2019-12-17T18:31:59.630Z,"55km NNW of Isabela, Puerto Rico",earthquake,18.34,3.52,0.06,3,reviewed,pr,pr
2019-12-17T02:00:30.060Z,19.2008,-66.3118,11,2.81,md,3,343,1.0847,0.24,pr,pr2019351023,2019-12-17T15:35:32.890Z,"81km N of Brenas, Puerto Rico",earthquake,12.4,17.8,0.31,3,reviewed,pr,pr
2019-12-17T01:33:06.500Z,19.332,-66.7808,19,2.81,md,3,350,0.9255,0.2,pr,pr2019351020,2019-12-17T14:22:28.711Z,"93km N of Hatillo, Puerto Rico",earthquake,8.31,17.01,0.16,3,reviewed,pr,pr
2019-12-17T01:25:36.500Z,19.1375,-67.866,26,3.07,md,14,322,0.8466,0.5,pr,pr2019351001,2019-12-17T02:22:08.040Z,"73km NW of San Antonio, Puerto Rico",earthquake,3.46,32.65,0.42,14,reviewed,pr,pr
2019-12-17T01:24:04.140Z,19.3065,-67.2471,27,2.95,md,5,339,0.8499,0.29,pr,pr2019351018,2019-12-17T13:54:26.537Z,"91km N of San Antonio, Puerto Rico",earthquake,3.93,19.79,0,5,reviewed,pr,pr
2019-12-17T01:16:47.490Z,19.302,-67.2286,18,3.1,md,9,304,0.8427,0.28,pr,pr2019351017,2019-12-17T13:25:42.579Z,"90km N of San Antonio, Puerto Rico",earthquake,7.85,16.03,0.2,7,reviewed,pr,pr
2019-12-17T01:12:27.100Z,19.184,-67.7375,29,3.01,md,11,326,0.8403,0.41,pr,pr2019351014,2019-12-17T12:27:37.439Z,"96km NE of Punta Cana, Dominican Republic",earthquake,2.38,26.44,0.39,9,reviewed,pr,pr
2019-12-17T01:08:03.260Z,19.258,-67.7498,34,2.85,md,9,332,0.9145,0.3,pr,pr2019351012,2019-12-17T11:49:49.273Z,"101km NE of Punta Cana, Dominican Republic",earthquake,2.64,19.88,0.33,9,reviewed,pr,pr
2019-12-17T01:07:29.269Z,36.762,-98.07116667,7.59,2.59,ml,53,89,0,0.14,ok,ok2019ypoh,2019-12-19T08:07:04.941Z,"25km E of Cherokee, Oklahoma",earthquake,,0.4,0.19,21,reviewed,ok,ok
2019-12-17T01:07:05.500Z,19.109,-67.2401,17,2.5,md,4,336,0.6543,0.09,pr,pr2019351011,2019-12-17T11:49:31.385Z,"69km NNW of San Antonio, Puerto Rico",earthquake,5.05,10.17,0.31,4,reviewed,pr,pr
2019-12-17T01:02:19.030Z,19.1471,-67.9261,24,2.71,md,14,325,0.884,0.42,pr,pr2019351000,2019-12-17T01:32:37.714Z,"80km NE of Punta Cana, Dominican Republic",earthquake,2.85,32.15,0.33,10,reviewed,pr,pr
2019-12-17T00:44:52.810Z,18.9761,-67.2801,43,2.69,md,4,352,0.5359,0.21,pr,pr2019351008,2019-12-17T11:10:29.500Z,"56km NNW of San Antonio, Puerto Rico",earthquake,14.18,5.07,0.21,3,reviewed,pr,pr
2019-12-17T00:38:05.820Z,19.3813,-67.3448,17,2.86,md,3,328,0.9432,0.23,pr,pr2019351006,2019-12-17T10:40:00.198Z,"101km NNW of San Antonio, Puerto Rico",earthquake,9.33,18.58,0.07,3,reviewed,pr,pr
2019-12-17T00:31:27.410Z,19.2115,-67.7623,10,2.76,md,8,322,0.8742,0.51,pr,pr2019351019,2019-12-17T14:10:53.832Z,"97km NE of Punta Cana, Dominican Republic",earthquake,3.89,31.61,0.4,8,reviewed,pr,pr
2019-12-17T00:19:16.220Z,19.1931,-67.3053,14,3.04,md,8,295,0.7511,0.39,pr,pr2019351016,2019-12-17T13:05:39.572Z,"80km NNW of San Antonio, Puerto Rico",earthquake,7.24,14.37,0.34,8,reviewed,pr,pr
2019-12-17T00:14:47.250Z,19.0631,-67.4158,31,2.73,md,5,334,0.669,0.15,pr,pr2019351013,2019-12-17T12:08:06.416Z,"71km NNW of San Antonio, Puerto Rico",earthquake,1.89,7.52,0.08,5,reviewed,pr,pr
2019-12-17T00:13:09.230Z,19.2418,-67.6001,38,2.81,md,4,328,0.9157,0.32,pr,pr2019351009,2019-12-17T12:03:20.648Z,"98km NNW of San Antonio, Puerto Rico",earthquake,2.96,20.67,0.18,4,reviewed,pr,pr
2019-12-17T00:10:54.500Z,19.1948,-67.6168,15,2.93,md,6,325,0.822,0.37,pr,pr2019351007,2019-12-17T11:02:11.140Z,"95km NW of San Antonio, Puerto Rico",earthquake,13.31,27.43,0.16,5,reviewed,pr,pr
2019-12-16T23:59:30.160Z,19.2083,-67.5433,10,3.06,md,5,338,0.8576,0.37,pr,pr2019350040,2019-12-20T01:06:04.040Z,"87km NW of San Antonio, Puerto Rico",earthquake,17.94,25.66,0.12,4,reviewed,pr,pr
2019-12-16T23:55:46.380Z,19.3463,-67.2473,32,3.17,md,8,307,0.8893,0.46,pr,pr2019350039,2019-12-20T01:01:35.040Z,"101km NNW of Isabela, Puerto Rico",earthquake,2.84,21.6,0.27,8,reviewed,pr,pr
2019-12-16T23:55:23.230Z,38.8195,-122.8106689,1.89,2.54,md,8,93,0.003917,0.01,nc,nc73315541,2019-12-17T07:28:51.876Z,"7km NW of The Geysers, CA",earthquake,0.41,1.08,0.8,3,automatic,nc,nc
2019-12-16T23:55:19.612Z,55.0918,-162.2437,111.14,3,ml,,146,0.025,0.42,us,us70006nkh,2019-12-20T03:13:16.040Z,"32km ESE of Cold Bay, Alaska",earthquake,6.6,3.5,0.066,30,reviewed,us,us
2019-12-16T23:51:31.180Z,19.0961,-67.6506,25,3.02,md,9,328,0.732,0.32,pr,pr2019350038,2019-12-20T00:58:30.040Z,"87km NW of San Antonio, Puerto Rico",earthquake,2.54,21.93,0.26,9,reviewed,pr,pr
2019-12-16T23:49:11.680Z,19.158,-67.8593,10,3.22,md,14,322,0.8619,0.57,pr,pr2019350021,2019-12-17T00:17:19.040Z,"95km NE of Punta Cana, Dominican Republic",earthquake,3.36,31.61,0.23,10,reviewed,pr,pr
2019-12-16T23:41:19.290Z,19.1095,-67.8203,36,3.09,md,7,331,0.9565,0.46,pr,pr2019350037,2019-12-17T09:29:16.891Z,"84km NE of Punta Cana, Dominican Republic",earthquake,3.93,28.83,0.13,5,reviewed,pr,pr
2019-12-16T23:21:37.350Z,19.1145,-67.7865,28,3.14,md,9,318,0.7921,0.53,pr,pr2019350033,2019-12-20T00:56:06.040Z,"86km NW of San Antonio, Puerto Rico",earthquake,4.14,32.93,0.44,7,reviewed,pr,pr
2019-12-16T23:20:38.100Z,19.4425,-66.9238,55,2.88,md,3,357,1.277,0.47,pr,pr2019350032,2019-12-17T09:43:13.690Z,"104km N of Isabela, Puerto Rico",earthquake,24.89,26.43,0,1,reviewed,pr,pr
2019-12-16T23:15:04.330Z,19.2178,-66.8575,15,2.73,md,3,357,1.0667,0.12,pr,pr2019350030,2019-12-17T09:41:05.420Z,"81km NNE of Isabela, Puerto Rico",earthquake,9.69,11.83,0,1,reviewed,pr,pr
2019-12-16T23:12:27.320Z,18.596,-67.0493,14,2.57,md,3,353,0.4218,0.11,pr,pr2019350028,2019-12-17T09:32:22.803Z,"10km NNW of Isabela, Puerto Rico",earthquake,4.98,12.21,0,1,reviewed,pr,pr
2019-12-16T23:07:08.200Z,19.1943,-67.6036,10,2.86,md,7,328,0.8779,0.6,pr,pr2019350035,2019-12-20T00:50:09.040Z,"82km NNW of San Antonio, Puerto Rico",earthquake,4.48,31.61,0.32,6,reviewed,pr,pr
2019-12-16T23:03:01.510Z,19.269,-67.3033,58,2.49,md,8,305,0.8242,0.21,pr,pr2019350034,2019-12-20T00:46:58.040Z,"97km N of Isabela, Puerto Rico",earthquake,2.5,6.94,0.14,4,reviewed,pr,pr
2019-12-16T22:53:42.640Z,19.0251,-67.8828,22,3.09,md,9,327,0.7572,0.15,pr,pr2019350031,2019-12-18T04:04:47.040Z,"91km NW of San Antonio, Puerto Rico",earthquake,2.1,14.74,0.24,8,reviewed,pr,pr
2019-12-16T22:52:57.890Z,19.1886,-67.975,22,2.75,md,8,330,0.9447,0.4,pr,pr2019350029,2019-12-18T04:01:01.040Z,"81km NW of San Antonio, Puerto Rico",earthquake,4.86,33.8,0.01,3,reviewed,pr,pr
2019-12-16T22:48:44.430Z,19.2381,-67.7046,20,2.99,md,7,320,0.8829,0.5,pr,pr2019350041,2019-12-18T03:59:09.040Z,"91km NW of San Antonio, Puerto Rico",earthquake,4.63,31.61,0.32,5,reviewed,pr,pr
2019-12-16T22:20:05.900Z,19.1115,-67.7736,10,3.93,md,14,318,0.7844,0.54,pr,pr2019350019,2019-12-17T02:37:55.224Z,"61km NW of San Antonio, Puerto Rico",earthquake,3.08,31.61,0.12,9,reviewed,pr,pr
2019-12-16T22:15:58.560Z,35.6716667,-117.5273333,9.11,3.56,ml,81,22,0.06008,0.18,ci,ci39232664,2019-12-18T11:02:34.576Z,"15km ENE of Ridgecrest, CA",earthquake,0.11,0.27,0.149,304,reviewed,ci,ci
2019-12-16T22:10:19.670Z,19.314,-67.3606,58,3.64,md,14,302,0.8825,0.52,pr,pr2019350017,2019-12-16T23:01:27.040Z,"80km NNW of Isabela, Puerto Rico",earthquake,4.11,12.21,0.13,9,reviewed,pr,pr
2019-12-16T21:56:49.940Z,19.1691,-67.6756,10,2.87,md,11,329,0.8089,0.45,pr,pr2019350024,2019-12-18T03:54:46.040Z,"86km NW of San Antonio, Puerto Rico",earthquake,2.92,31.61,0.37,10,reviewed,pr,pr
2019-12-16T21:50:51.030Z,19.011,-67.8,10,3.76,md,15,319,0.7039,0.46,pr,pr2019350018,2019-12-17T05:53:30.297Z,"80km NNW of San Antonio, Puerto Rico",earthquake,2.16,31.61,0.27,10,reviewed,pr,pr
2019-12-16T21:43:32.470Z,19.157,-67.6333,10,2.66,md,9,328,0.7878,0.48,pr,pr2019350023,2019-12-18T03:33:02.040Z,"80km NW of San Antonio, Puerto Rico",earthquake,3.66,31.61,0.47,8,reviewed,pr,pr
2019-12-16T21:23:09.380Z,19.2753,-67.2658,10,2.68,md,13,297,0.8225,0.39,pr,pr2019350022,2019-12-18T03:29:22.040Z,"77km N of San Antonio, Puerto Rico",earthquake,1.73,31.61,0.33,13,reviewed,pr,pr
2019-12-16T21:19:57.710Z,19.302,-67.3803,25,2.95,md,10,309,0.8768,0.34,pr,pr2019350027,2019-12-18T03:27:49.040Z,"73km NNW of San Antonio, Puerto Rico",earthquake,1.76,24.54,0.41,8,reviewed,pr,pr
2019-12-16T21:18:01.860Z,19.2696,-67.3315,22,2.83,md,7,305,0.8318,0.08,pr,pr2019350026,2019-12-18T03:25:26.040Z,"86km N of Isabela, Puerto Rico",earthquake,1.66,9.97,0.31,5,reviewed,pr,pr
2019-12-16T21:04:06.192Z,23.4217,142.4709,114.34,4.6,mb,,158,3.667,0.73,us,us60006scf,2019-12-16T22:53:48.040Z,"190km SE of Iwo Jima, Japan",earthquake,5.6,8.5,0.096,32,reviewed,us,us
2019-12-16T20:29:33.790Z,18.9615,-67.8226,10,3.04,md,16,321,0.6715,0.54,pr,pr2019350016,2019-12-18T19:40:57.040Z,"84km NW of San Antonio, Puerto Rico",earthquake,2.55,31.61,0.31,11,reviewed,pr,pr
2019-12-16T20:24:03.740Z,19.2713,-67.4658,53,3.26,md,11,311,0.8786,0.41,pr,pr2019350020,2019-12-18T18:25:29.040Z,"98km N of San Antonio, Puerto Rico",earthquake,3.81,13.06,0.11,6,reviewed,pr,pr
2019-12-16T19:54:26.663Z,6.6005,125.2625,10,4.5,mb,,92,0.562,1.13,us,us60006sb1,2019-12-18T18:16:34.040Z,"3km ESE of Kiblawan, Philippines",earthquake,4.4,1.8,0.106,26,reviewed,us,us
2019-12-16T19:14:04.300Z,19.2873,-67.317,15,2.78,md,4,325,1.0963,0.24,pr,pr2019350025,2019-12-17T01:23:13.523Z,"90km NNW of San Antonio, Puerto Rico",earthquake,9.3,18.55,0.25,3,reviewed,pr,pr
2019-12-16T18:57:45.394Z,1.7695,126.5681,35,4.7,mb,,113,1.272,1,us,us60006s9v,2019-12-18T15:22:04.040Z,"140km NW of Kota Ternate, Indonesia",earthquake,4.9,2,0.078,50,reviewed,us,us
2019-12-16T18:17:40.469Z,36.29383333,-98.17466667,7.46,2.46,ml,70,73,0,0.21,ok,ok2019ypau,2019-12-16T23:46:53.263Z,"23km NNE of Okeene, Oklahoma",earthquake,,0.7,0.19,31,reviewed,ok,ok
2019-12-16T17:49:03.600Z,18.9825,-67.2835,8,2.71,md,7,316,0.5431,0.25,pr,pr2019350014,2019-12-16T19:39:56.106Z,"57km NNW of San Antonio, Puerto Rico",earthquake,1.67,0.87,0.3,7,reviewed,pr,pr
2019-12-16T17:25:53.466Z,1.6834,126.4792,46.6,4.4,mb,,149,1.267,1.24,us,us60006s88,2019-12-16T18:07:05.040Z,"140km NW of Kota Ternate, Indonesia",earthquake,9.8,9.1,0.13,17,reviewed,us,us
2019-12-16T17:19:51.204Z,-15.2105,-172.9327,10,4.9,mb,,70,1.71,1.33,us,us60006s86,2019-12-16T18:16:08.040Z,"119km NE of Hihifo, Tonga",earthquake,6.4,1.9,0.095,35,reviewed,us,us
2019-12-16T16:46:47.611Z,-8.4023,159.0148,69.07,5.4,mww,,47,7.991,0.94,us,us60006s7q,2019-12-19T17:32:11.711Z,"39km S of Dadali, Solomon Islands",earthquake,9.7,5.1,0.054,33,reviewed,us,us
2019-12-16T16:30:44.420Z,18.236,-68.542,147,3.61,md,11,340,1.0731,0.46,pr,pr2019350010,2019-12-19T17:26:22.040Z,"5km S of La Romana, Dominican Republic",earthquake,6.43,4,0.4,10,reviewed,pr,pr
2019-12-16T16:21:53.411Z,6.5526,125.327,10,4.9,mww,,90,0.571,0.63,us,us60006s7h,2019-12-16T17:06:16.594Z,"5km SSW of Sulop, Philippines",earthquake,5.4,1.4,0.08,15,reviewed,us,us
2019-12-16T15:54:09.260Z,19.1075,-67.157,10,2.92,md,7,309,0.6416,0.45,pr,pr2019350013,2019-12-16T19:16:19.291Z,"68km NNW of Isabela, Puerto Rico",earthquake,2.71,31.61,0.18,5,reviewed,pr,pr
2019-12-16T15:36:25.310Z,19.3063,-67.4096,44,2.74,md,6,309,0.9245,0.22,pr,pr2019350012,2019-12-16T19:15:55.107Z,"95km NNW of San Antonio, Puerto Rico",earthquake,2.15,9.37,0.44,6,reviewed,pr,pr
2019-12-16T14:49:16.827Z,-2.9654,100.9483,47.02,5.6,mww,,95,2.435,0.65,us,us60006s6p,2019-12-19T17:34:30.016Z,"108km SSW of Sungaipenuh, Indonesia",earthquake,7.4,6.4,0.062,25,reviewed,us,us
2019-12-16T14:38:15.890Z,19.3155,-67.3001,52,2.96,md,9,307,0.8688,0.38,pr,pr2019350008,2019-12-16T17:09:11.040Z,"97km NNW of Isabela, Puerto Rico",earthquake,2.63,9.02,0.3,7,reviewed,pr,pr
2019-12-16T14:24:36.280Z,19.2893,-67.3363,26,3.35,md,15,299,0.8521,0.43,pr,pr2019350006,2019-12-16T15:26:53.040Z,"80km NNW of Isabela, Puerto Rico",earthquake,1.89,26.3,0.33,11,reviewed,pr,pr
2019-12-16T14:06:50.110Z,35.6168333,-117.472,6.78,3.46,ml,47,46,0.02406,0.15,ci,ci39232240,2019-12-17T14:08:24.117Z,"18km SSW of Searles Valley, CA",earthquake,0.14,0.27,0.175,122,reviewed,ci,ci
2019-12-16T13:52:21.137Z,-5.9108,129.9978,207.81,4.6,mb,,121,2.43,0.38,us,us60006s66,2019-12-16T15:12:51.040Z,"268km NNW of Saumlaki, Indonesia",earthquake,10.8,9.9,0.122,20,reviewed,us,us
2019-12-16T13:48:00.458Z,6.6834,125.1508,10,4.6,mb,,98,0.572,0.64,us,us60006s6b,2019-12-16T15:35:30.040Z,"9km SSW of Magsaysay, Philippines",earthquake,5.8,1.9,0.122,20,reviewed,us,us
2019-12-16T13:01:34.519Z,61.4328,-150.32,48.6,2.8,ml,,,,0.51,ak,ak019g31ue0b,2019-12-19T17:45:17.833Z,"21km SW of Big Lake, Alaska",earthquake,,0.2,,,reviewed,ak,ak
2019-12-16T12:52:33.719Z,-7.1081,106.0285,57.61,4.8,mb,,173,4.098,0.63,us,us60006s5l,2019-12-16T14:15:30.040Z,"26km SSW of Panyaungan Timur, Indonesia",earthquake,10,6.3,0.084,44,reviewed,us,us
2019-12-16T12:34:02.734Z,6.7122,125.1409,10,4.6,mb,,98,0.561,0.83,us,us60006s5g,2019-12-16T13:01:08.040Z,"7km SW of Magsaysay, Philippines",earthquake,7.5,1.9,0.122,20,reviewed,us,us
2019-12-16T12:17:43.622Z,69.5643,-144.8563,11.4,4.4,ml,,,,0.7,ak,ak019g31cf0e,2019-12-19T17:54:52.080Z,"78km SW of Kaktovik, Alaska",earthquake,,0.1,,,reviewed,ak,ak
2019-12-16T11:25:58.239Z,24.509,121.7971,51.53,4.9,mb,,38,0.381,1.25,us,us60006s4x,2019-12-17T23:56:21.688Z,"11km SSW of Su'ao, Taiwan",earthquake,5.1,5.9,0.055,105,reviewed,us,us
2019-12-16T10:56:53.278Z,61.601,-147.8402,22.1,3.1,ml,,,,0.67,ak,ak019g30dwyk,2019-12-19T17:41:08.404Z,"57km ESE of Sutton-Alpine, Alaska",earthquake,,0.2,,,reviewed,ak,ak
2019-12-16T10:50:52.950Z,19.2133,-67.3451,40,2.81,md,14,297,0.7816,0.47,pr,pr2019350005,2019-12-16T11:44:45.337Z,"83km NNW of San Antonio, Puerto Rico",earthquake,2.42,11.29,0.33,14,reviewed,pr,pr
2019-12-16T08:54:39.981Z,51.6349,-175.563,52.17,2.8,ml,,212,0.417,0.36,us,us70006nk4,2019-12-20T10:27:56.040Z,"80km ESE of Adak, Alaska",earthquake,6.8,15.4,,,reviewed,us,ak
2019-12-16T08:53:31.144Z,6.6238,125.4821,25.66,5,mww,,89,0.453,0.93,us,us60006s3m,2019-12-16T09:13:02.040Z,"4km ENE of Tanlad, Philippines",earthquake,7.3,4.5,0.08,15,reviewed,us,us
2019-12-16T08:36:25.291Z,40.5736,-117.5248,6.2,2.8,ml,17,76.21,0.957,0.2949,nn,nn00713055,2019-12-17T02:08:24.793Z,"45km SSE of Winnemucca, Nevada",earthquake,,2.5,0.38,11,reviewed,nn,nn
2019-12-16T08:25:27.190Z,38.0696,20.3665,25.14,4.7,mb,,97,1.524,0.78,us,us60006s36,2019-12-16T09:00:36.040Z,"15km SSW of Lixourion, Greece",earthquake,6.6,4.4,0.142,15,reviewed,us,us
2019-12-16T08:13:38.167Z,-23.7558,-67.011,236.64,4.2,mb,,97,1.338,0.65,us,us60006s37,2019-12-17T13:58:28.040Z,"87km NW of San Antonio de los Cobres, Argentina",earthquake,12.1,14.7,0.305,3,reviewed,us,us
2019-12-16T08:13:14.370Z,36.1123333,-117.858,2.24,2.66,ml,31,54,0.005821,0.16,ci,ci39231968,2019-12-16T08:24:14.190Z,"11km NE of Coso Junction, CA",earthquake,0.24,0.38,0.236,25,automatic,ci,ci
2019-12-16T07:48:42.040Z,19.1053,-67.7556,26,3.3,md,12,318,0.772,0.36,pr,pr2019350004,2019-12-16T11:28:32.226Z,"89km NE of Punta Cana, Dominican Republic",earthquake,2.22,22.03,0.29,11,reviewed,pr,pr
2019-12-16T07:41:51.596Z,4.451,123.0299,571.25,4.5,mb,,84,3.633,0.72,us,us60006s2g,2019-12-16T08:05:49.040Z,"215km SE of Tabiauan, Philippines",earthquake,10.2,8.7,0.087,39,reviewed,us,us
2019-12-16T07:16:43.500Z,36.113,-117.8568333,3.04,2.75,ml,32,54,0.004842,0.16,ci,ci39231920,2019-12-16T07:27:54.380Z,"11km NE of Coso Junction, CA",earthquake,0.24,0.43,0.199,26,automatic,ci,ci
2019-12-16T06:38:42.502Z,32.3863,137.4731,396.1,4.4,mb,,84,2.102,0.68,us,us60006s1w,2019-12-16T07:22:04.040Z,"204km SE of Shingu, Japan",earthquake,7.6,5.8,0.062,75,reviewed,us,us
2019-12-16T05:29:42.535Z,-32.3471,150.7954,10,4.2,mb,,108,2.05,1.01,us,us60006s1c,2019-12-20T13:39:34.889Z,"11km ENE of Denman, Australia",earthquake,5.1,2,0.159,11,reviewed,us,us
2019-12-16T05:07:36.919Z,-6.161,-75.7557,24.34,4.4,mb,,88,5.065,0.72,us,us60006s13,2019-12-16T06:44:57.040Z,"46km SE of Yurimaguas, Peru",earthquake,7.4,4.6,0.13,17,reviewed,us,us
2019-12-16T04:50:33.281Z,-18.4578,-172.1112,10,4.6,mb,,70,2.158,0.85,us,us60006s10,2019-12-16T05:20:32.040Z,"198km E of Neiafu, Tonga",earthquake,6.4,1.9,0.128,18,reviewed,us,us
2019-12-16T04:27:39.950Z,-32.3619,150.7517,10,3.7,mb,,120,2.077,0.94,us,us60006s1e,2019-12-16T10:36:41.138Z,"6km ENE of Denman, Australia",earthquake,8,2,0.205,6,reviewed,us,us
2019-12-16T04:13:22.982Z,0.0315,123.9281,113.68,4.5,mb,,62,1.572,0.96,us,us60006s0d,2019-12-16T05:36:20.040Z,"39km S of Molibagu, Indonesia",earthquake,7.4,6.4,0.079,47,reviewed,us,us
2019-12-16T04:08:27.960Z,18.7826,-65.6538,36,2.72,md,5,321,0.6395,0.15,pr,pr2019350003,2019-12-16T07:13:46.219Z,"43km NNE of Vieques, Puerto Rico",earthquake,2.22,5.71,0.22,3,reviewed,pr,pr
2019-12-16T04:03:28.350Z,18.771,-67.3681,6,2.83,md,7,313,0.3976,0.13,pr,pr2019350002,2019-12-16T07:13:33.435Z,"41km NW of San Antonio, Puerto Rico",earthquake,1.22,1.24,0.22,6,reviewed,pr,pr
2019-12-16T03:51:26.750Z,36.8416,71.0768,104.3,4,mb,,97,0.83,0.5,us,us60006s07,2019-12-16T05:23:55.040Z,"21km E of Jarm, Afghanistan",earthquake,4.5,15.6,0.365,2,reviewed,us,us
2019-12-16T03:30:27.629Z,61.412,-150.4417,61.9,4.1,ml,,,,0.89,ak,ak019g2w296x,2019-12-19T17:49:18.140Z,"29km WSW of Big Lake, Alaska",earthquake,,0.2,,,reviewed,ak,ak
2019-12-16T03:10:29.964Z,24.0529,93.8434,54.03,4.4,mb,,91,0.453,0.44,us,us60006s03,2019-12-20T19:19:51.552Z,"35km SSE of Churachandpur, India",earthquake,8.9,6.1,0.19,8,reviewed,us,us
2019-12-16T02:38:10.610Z,19.2178326,-155.4225006,32.21,2.51,ml,47,151,0.03067,0.11,hv,hv71280146,2019-12-16T02:43:54.370Z,"6km ENE of Pahala, Hawaii",earthquake,0.54,0.58,0.13,3,automatic,hv,hv
2019-12-16T02:34:36.024Z,6.6529,125.1085,10,4.7,mb,,77,0.624,0.83,us,us60006rzg,2019-12-16T02:59:04.040Z,"14km WNW of Kiblawan, Philippines",earthquake,7.3,1.9,0.092,36,reviewed,us,us
2019-12-16T02:16:15.520Z,-23.8864,-66.9486,230.02,4.2,mb,,57,1.463,0.76,us,us60006rza,2019-12-16T03:58:53.040Z,"73km WNW of San Antonio de los Cobres, Argentina",earthquake,8.8,16.4,0.304,3,reviewed,us,us
2019-12-16T02:04:35.865Z,52.1818,-169.9257,20.6,2.7,ml,,,,0.46,ak,ak019g2vb9oi,2019-12-19T17:41:44.631Z,"72km SE of Yunaska Island, Alaska",earthquake,,1.7,,,reviewed,ak,ak
2019-12-16T01:41:15.553Z,59.933,-153.1427,109.7,2.5,ml,,,,0.43,ak,ak019g2uxpvo,2019-12-19T17:41:47.449Z,"65km SSW of Redoubt Volcano, Alaska",earthquake,,0.3,,,reviewed,ak,ak
2019-12-16T00:32:25.340Z,-18.8894,168.1711,10,4.4,mwr,,100,2.581,0.82,us,us60006ryj,2019-12-16T01:15:20.040Z,"128km S of Port-Vila, Vanuatu",earthquake,8,1.9,0.083,14,reviewed,us,us
2019-12-16T00:13:14.490Z,19.7125,-154.9773333,48.76,2.6,ml,61,214,0.04654,0.12,hv,hv71280001,2019-12-17T05:38:09.040Z,"11km E of Hilo, Hawaii",earthquake,0.5,0.52,0.186,14,reviewed,hv,hv
2019-12-15T23:54:24.021Z,60.0753,-153.4531,156.5,2.7,ml,,,,0.36,ak,ak019g1kkpsc,2019-12-17T05:39:50.040Z,"60km SW of Redoubt Volcano, Alaska",earthquake,,0.2,,,reviewed,ak,ak
2019-12-15T23:32:59.747Z,65.9105,-166.1013,0,2.9,ml,,,,0.61,ak,ak019g1kg5yj,2019-12-16T00:05:31.040Z,"38km S of Shishmaref, Alaska",earthquake,,1.7,,,automatic,ak,ak
2019-12-15T22:37:05.190Z,19.0883,-66.3838,22,2.73,md,6,294,0.8289,0.17,pr,pr2019349018,2019-12-15T23:25:52.906Z,"68km N of Brenas, Puerto Rico",earthquake,1.25,15.29,0.08,5,reviewed,pr,pr
2019-12-15T21:52:03.207Z,42.7899,141.9526,42.95,4.6,mb,,80,1.181,0.64,us,us60006rwz,2019-12-16T03:07:17.972Z,"24km E of Chitose, Japan",earthquake,6.1,7.7,0.044,154,reviewed,us,us
2019-12-15T21:50:25.498Z,62.8153,-150.7056,95.6,2.6,ml,,,,0.33,ak,ak019g1jczs8,2019-12-15T22:03:33.668Z,"62km NNW of Talkeetna, Alaska",earthquake,,0.6,,,automatic,ak,ak
2019-12-15T21:45:08.380Z,18.2445,-67.3675,76,2.51,md,6,190,0.179,0.14,pr,pr2019349016,2019-12-15T23:25:28.906Z,"15km SW of Stella, Puerto Rico",earthquake,1.29,1.46,0.07,3,reviewed,pr,pr
2019-12-15T21:01:52.670Z,19.148,-67.124,10,2.94,md,6,337,0.6806,0.32,pr,pr2019349015,2019-12-15T23:25:10.490Z,"72km N of Isabela, Puerto Rico",earthquake,5.85,31.61,0.24,3,reviewed,pr,pr
2019-12-15T20:59:22.417Z,0.5688,96.4356,41.32,4.7,mb,,128,1.353,1.03,us,us60006rwl,2019-12-15T21:41:30.040Z,"211km S of Sinabang, Indonesia",earthquake,11.2,8,0.082,45,reviewed,us,us
2019-12-15T20:38:06.823Z,2.8277,128.1895,86.83,4.3,mb,,194,2.201,0.76,us,us60006rwi,2019-12-15T21:45:03.040Z,"123km N of Tobelo, Indonesia",earthquake,13.6,6.5,0.153,12,reviewed,us,us
2019-12-15T19:58:37.179Z,32.9758,141.8595,20,4.6,mb,,129,1.723,1.01,us,us60006rw9,2019-12-15T20:17:58.040Z,"192km E of Hachijo-jima, Japan",earthquake,7.7,3.8,0.122,20,reviewed,us,us
2019-12-15T19:42:55.474Z,12.543,-86.8645,163.82,4.6,mb,,144,0.073,0.39,us,us60006rvv,2019-12-15T19:56:01.040Z,"2km NNW of Telica, Nicaragua",earthquake,8.7,7.1,0.101,29,reviewed,us,us
2019-12-15T19:23:37.350Z,-14.2764,-71.9903,83.42,4.9,mb,,113,4.084,0.77,us,us60006rvh,2019-12-15T19:49:39.040Z,"21km NNE of Santo Tomas, Peru",earthquake,11.8,8.5,0.034,271,reviewed,us,us
2019-12-15T19:22:49.671Z,68.5857,-148.0144,0,2.6,ml,,,,0.67,ak,ak019g1i06uz,2019-12-15T20:05:27.040Z,"114km WNW of Arctic Village, Alaska",earthquake,,0.7,,,automatic,ak,ak
2019-12-15T19:13:50.507Z,35.1201,140.8132,51.31,4.7,mb,,126,2.164,0.8,us,us60006rvf,2019-12-16T09:47:43.432Z,"41km ESE of Ohara, Japan",earthquake,6.6,9.2,0.148,14,reviewed,us,us
2019-12-15T19:02:02.493Z,6.5997,125.1634,10,4.8,mb,,93,0.623,0.52,us,us60006rv6,2019-12-15T19:16:27.040Z,"8km W of Kiblawan, Philippines",earthquake,7.9,1.9,0.131,18,reviewed,us,us
2019-12-15T18:42:08.052Z,-24.1737,-67.2393,181.73,5,mww,,70,1.49,1.03,us,us60006rv1,2019-12-15T18:55:16.040Z,"93km W of San Antonio de los Cobres, Argentina",earthquake,8.6,7.7,0.08,15,reviewed,us,us
2019-12-15T18:26:19.365Z,68.5489,-147.9212,16.1,3.2,ml,,,,0.39,ak,ak019g1hfjfl,2019-12-16T04:46:12.061Z,"112km WNW of Arctic Village, Alaska",earthquake,,0.2,,,reviewed,ak,ak
2019-12-15T18:24:06.436Z,6.6317,125.2819,16.74,4.8,mb,,92,0.525,1.29,us,us60006rux,2019-12-15T19:02:04.040Z,"3km S of Malinao, Philippines",earthquake,4.4,5.5,0.091,37,reviewed,us,us
2019-12-15T18:16:44.474Z,6.4197,125.4301,10,4.6,mb,,151,0.662,1.2,us,us60006ruu,2019-12-15T18:57:24.040Z,"9km SSW of Pung-Pang, Philippines",earthquake,5.6,2,0.132,17,reviewed,us,us
2019-12-15T17:57:06.746Z,-26.8756,-65.3683,35.94,5,mb,,73,3.359,0.55,us,us60006rul,2019-12-15T21:06:28.258Z,"8km SW of Yerba Buena, Argentina",earthquake,3.9,8.7,0.039,214,reviewed,us,us
2019-12-15T17:44:34.604Z,62.8524,-151.0558,111.4,3.2,ml,,,,0.48,ak,ak019g1gxztg,2019-12-16T03:40:50.453Z,"76km NW of Talkeetna, Alaska",earthquake,,0.4,,,automatic,ak,ak
2019-12-15T16:37:55.510Z,19.2536,-67.2806,21,3.14,md,11,296,0.8042,0.44,pr,pr2019349012,2019-12-15T21:32:54.040Z,"70km NNW of San Antonio, Puerto Rico",earthquake,2.44,33.5,0.23,5,reviewed,pr,pr
2019-12-15T16:32:28.020Z,-15.3726,167.53,113.18,4.9,mb,,59,0.323,0.76,us,us60006ru7,2019-12-19T17:18:08.040Z,"42km ENE of Luganville, Vanuatu",earthquake,9.4,4.4,0.081,48,reviewed,us,us
2019-12-15T16:31:49.460Z,19.021,-67.2166,10,2.96,md,10,281,0.5635,0.41,pr,pr2019349011,2019-12-15T21:30:25.040Z,"68km N of Isabela, Puerto Rico",earthquake,1.99,31.61,0.28,7,reviewed,pr,pr
2019-12-15T16:24:33.589Z,-22.3875,-66.0943,261.88,4.3,mb,,193,2.005,0.51,us,us60006ru4,2019-12-15T17:39:03.040Z,"55km NW of Abra Pampa, Argentina",earthquake,13,4.8,0.376,5,reviewed,us,us
2019-12-15T16:16:27.504Z,-48.9474,105.0953,10,5,mb,,62,17.61,0.48,us,us60006ru1,2019-12-19T17:15:30.040Z,"Southeast Indian Ridge",earthquake,12.3,1.9,0.087,42,reviewed,us,us
2019-12-15T16:11:44.836Z,6.5702,125.3311,10,4.6,mb,,99,0.554,1.03,us,us60006rub,2019-12-15T17:52:34.040Z,"3km SSW of Sulop, Philippines",earthquake,7,1.9,0.077,50,reviewed,us,us
2019-12-15T16:09:05.679Z,35.799,-96.65466667,7.09,3.59,ml,50,58,0,0.14,ok,ok2019ynba,2019-12-17T19:25:37.718Z,"4km N of Stroud, Oklahoma",earthquake,,0.3,0.19,23,reviewed,ok,ok
2019-12-15T15:41:39.876Z,-55.5782,-129.0591,10,5,mb,,70,30.485,0.77,us,us60006rtz,2019-12-19T17:13:02.040Z,"Pacific-Antarctic Ridge",earthquake,13.5,1.8,0.084,45,reviewed,us,us
2019-12-15T15:11:18.906Z,-5.4737,153.0422,22.42,4.7,mb,,128,1.545,0.36,us,us60006rte,2019-12-15T17:49:05.040Z,"111km S of Taron, Papua New Guinea",earthquake,8.3,4.4,0.08,47,reviewed,us,us
2019-12-15T15:11:03.748Z,-54.2504,-130.6459,10,5.1,mb,,91,29.147,0.97,us,us60006t8l,2019-12-19T17:09:48.040Z,"Pacific-Antarctic Ridge",earthquake,5.5,1.9,0.097,34,reviewed,us,us
2019-12-15T14:57:57.000Z,33.3801667,-116.3161667,11.24,2.85,ml,105,13,0.01858,0.18,ci,ci39231416,2019-12-19T16:03:16.616Z,"15km NNE of Borrego Springs, CA",earthquake,0.11,0.23,0.151,125,reviewed,ci,ci
2019-12-15T14:40:34.499Z,-22.2589,-177.7573,218.29,4.6,mb,,198,5.973,0.57,us,us60006rsx,2019-12-19T16:25:22.040Z,"203km SSE of Ndoi Island, Fiji",earthquake,17,15.4,0.122,20,reviewed,us,us
2019-12-15T14:31:18.442Z,65.3061,-163.0226,10,2.9,ml,,45,0.293,0.79,us,us60006rt8,2019-12-15T17:46:59.040Z,"144km NE of Nome, Alaska",earthquake,4.1,2,0.049,54,reviewed,us,us
2019-12-15T14:13:25.260Z,18.9073,-65.1561,26,3.29,md,11,328,1.0322,0.26,pr,pr2019349010,2019-12-15T17:44:22.040Z,"60km N of Culebra, Puerto Rico",earthquake,2.09,19.35,0.13,5,reviewed,pr,pr
2019-12-15T14:09:11.240Z,1.7473,127.2772,109.84,5.3,mww,,44,0.973,0.76,us,us60006rsm,2019-12-15T15:17:15.644Z,"81km W of Tobelo, Indonesia",earthquake,4.4,5.9,0.078,16,reviewed,us,us
2019-12-15T13:47:15.852Z,37.5112,72.1452,190.96,4.2,mb,,94,0.386,0.61,us,us60006rsh,2019-12-15T14:33:54.040Z,"39km NE of Roshtqal'a, Tajikistan",earthquake,8.3,5.5,0.125,18,reviewed,us,us
2019-12-15T12:57:43.109Z,69.4826,-143.1007,39.2,3,ml,,,,1.04,ak,ak019g1e1mp1,2019-12-15T13:25:35.040Z,"75km SSE of Kaktovik, Alaska",earthquake,,12,,,automatic,ak,ak
2019-12-15T12:38:53.674Z,6.591,125.2198,10,5.3,mb,,82,6.164,0.89,us,us60006rs7,2019-12-15T20:41:26.963Z,"3km SW of Kiblawan, Philippines",earthquake,6.8,1.8,0.055,111,reviewed,us,us
2019-12-15T12:32:52.150Z,44.3985,-111.1401667,16.98,3.46,ml,40,123,0.2092,0.17,uu,uu60353847,2019-12-16T15:05:14.325Z,"25km WSW of Old Faithful Geyser, Wyoming",earthquake,0.42,0.97,0.19,14,reviewed,uu,uu
2019-12-15T11:15:35.780Z,6.6057,125.1798,10,4.7,mb,,77,0.608,0.69,us,us60006rrn,2019-12-15T11:43:11.040Z,"6km W of Kiblawan, Philippines",earthquake,4.9,1.9,0.079,49,reviewed,us,us
2019-12-15T09:52:22.608Z,-37.6344,177.2097,147.16,5.1,mb,,49,0.874,1.05,us,us60006rr2,2019-12-16T09:18:57.367Z,"41km NNE of Whakatane, New Zealand",earthquake,8.3,6.6,0.073,61,reviewed,us,us
2019-12-15T08:55:11.873Z,6.6301,125.4194,10,4.7,mb,,98,0.464,0.67,us,us60006rq9,2019-12-15T09:23:22.040Z,"4km NNE of Malalag, Philippines",earthquake,6.4,1.9,0.068,67,reviewed,us,us
2019-12-15T08:51:08.938Z,6.5407,125.133,11.73,4.7,mb,,88,0.687,0.79,us,us60006rq8,2019-12-15T09:09:58.040Z,"10km ENE of Lambayong, Philippines",earthquake,4.2,5.3,0.091,37,reviewed,us,us
2019-12-15T07:56:49.473Z,6.7507,125.1907,12.86,4.9,mb,,75,0.499,1.01,us,us60006rq6,2019-12-15T08:52:11.040Z,"1km SSE of Magsaysay, Philippines",earthquake,6,4.8,0.072,61,reviewed,us,us
2019-12-15T07:53:44.434Z,6.6181,125.3081,17.08,5,mb,,80,0.523,0.63,us,us60006rpz,2019-12-15T08:21:54.040Z,"4km WSW of Padada, Philippines",earthquake,4.1,4.6,0.06,89,reviewed,us,us
2019-12-15T07:49:54.707Z,6.703,125.1716,14.91,5,mb,,68,0.544,0.61,us,us60006rpx,2019-12-15T08:28:10.040Z,"7km S of Magsaysay, Philippines",earthquake,6,3.9,0.068,69,reviewed,us,us
2019-12-15T07:33:55.578Z,6.6133,125.2965,11.58,4.7,mb,,94,0.533,0.98,us,us60006rpv,2019-12-15T08:06:22.040Z,"5km WNW of Sulop, Philippines",earthquake,6.9,1.6,0.092,36,reviewed,us,us
2019-12-15T07:18:13.675Z,6.7943,125.339,18.79,5,mb,,85,0.362,0.58,us,us60006rpy,2019-12-15T17:01:21.221Z,"2km E of Goma, Philippines",earthquake,3.3,5.1,0.08,49,reviewed,us,us
2019-12-15T07:09:21.181Z,6.5268,125.2987,10,5.7,mb,,21,0.607,1.26,us,us60006rpn,2019-12-16T19:20:20.040Z,"9km SSW of Sulop, Philippines",earthquake,6,1.8,0.04,226,reviewed,us,us
2019-12-15T06:52:43.464Z,6.5289,125.3534,10,4.8,mb,,97,0.582,0.82,us,us60006rpj,2019-12-15T07:56:46.040Z,"6km SSW of New Baclayon, Philippines",earthquake,6,1.9,0.083,45,reviewed,us,us
2019-12-15T06:34:57.512Z,6.7717,125.2694,16.92,4.9,mb,,70,0.426,0.89,us,us60006rpk,2019-12-15T17:01:18.292Z,"2km N of Managa, Philippines",earthquake,6.8,4.7,0.084,45,reviewed,us,us
2019-12-15T06:32:25.140Z,6.6274,125.2579,10.8,5,mb,,82,0.543,0.74,us,us60006rpf,2019-12-15T17:01:27.125Z,"2km ENE of Kiblawan, Philippines",earthquake,5.5,3.5,0.066,73,reviewed,us,us
2019-12-15T06:31:02.880Z,17.8541,-65.7175,2,2.59,md,5,325,0.3165,0.16,pr,pr2019349004,2019-12-15T08:25:14.380Z,"23km SE of Emajagua, Puerto Rico",earthquake,2.54,1.72,0.42,5,reviewed,pr,pr
2019-12-15T06:11:52.066Z,6.7078,125.1884,22.41,6.8,mww,,19,0.528,1.39,us,us60006rp9,2019-12-20T01:42:33.405Z,"6km S of Magsaysay, Philippines",earthquake,7.4,3.5,0.051,37,reviewed,us,us
2019-12-15T04:49:38.400Z,19.2716,-67.7666,12,3.15,md,6,332,1.0374,0.29,pr,pr2019349003,2019-12-15T08:24:34.542Z,"101km NE of Punta Cana, Dominican Republic",earthquake,14.26,20.07,0.12,5,reviewed,pr,pr
2019-12-15T04:38:15.060Z,45.8637,142.7951,326.68,4.3,mb,,120,1.095,1.05,us,us60006rnm,2019-12-15T04:58:12.040Z,"85km S of Korsakov, Russia",earthquake,10.8,8,0.039,185,reviewed,us,us
2019-12-15T03:15:46.386Z,36.3094,70.723,123.52,4,mb,,106,1.431,0.56,us,us60006rmz,2019-12-15T03:37:05.040Z,"31km N of `Alaqahdari-ye Kiran wa Munjan, Afghanistan",earthquake,4.1,10.8,0.211,6,reviewed,us,us
2019-12-15T03:08:54.910Z,19.3613,-67.1028,12,2.69,md,4,356,0.8938,0.2,pr,pr2019349002,2019-12-15T08:24:12.678Z,"95km N of Isabela, Puerto Rico",earthquake,14.21,15.06,0.14,4,reviewed,pr,pr
2019-12-15T02:45:57.130Z,19.1943,-67.2955,45,2.92,md,8,316,0.7498,0.41,pr,pr2019349001,2019-12-15T05:46:47.040Z,"83km N of San Antonio, Puerto Rico",earthquake,2.79,9.6,0.38,8,reviewed,pr,pr
2019-12-15T02:09:29.610Z,44.5881667,-110.6015,3.95,3.44,ml,33,43,0.03436,0.23,uu,uu60353767,2019-12-16T15:18:26.846Z,"23km NE of Old Faithful Geyser, Wyoming",earthquake,0.35,0.67,0.303,8,reviewed,uu,uu
2019-12-15T01:18:36.572Z,41.3459,19.5269,10,4.5,mb,,107,1.101,1.22,us,us60006rmb,2019-12-19T16:23:15.537Z,"3km W of Shijak, Albania",earthquake,5.9,1.9,0.171,11,reviewed,us,us
2019-12-15T00:33:45.250Z,48.9703,154.8322,73.23,4.6,mb,,123,4.52,0.5,us,us60006rm7,2019-12-20T02:30:11.040Z,"211km SSW of Severo-Kuril'sk, Russia",earthquake,9.8,6.6,0.06,83,reviewed,us,us
2019-12-15T00:26:28.467Z,49.0417,154.8413,78.54,4.5,mb,,137,4.452,0.43,us,us60006rm5,2019-12-15T01:01:27.040Z,"204km SSW of Severo-Kuril'sk, Russia",earthquake,9.3,5.8,0.069,62,reviewed,us,us
2019-12-15T00:11:23.867Z,-28.1738,-69.5201,109.37,4.4,mwr,,44,0.856,1.08,us,us60006rm0,2019-12-15T00:48:39.040Z,"120km SE of Copiapo, Chile",earthquake,5.8,6.1,0.051,37,reviewed,us,us
2019-12-14T22:34:44.297Z,3.7984,122.502,572.47,4.4,mb,,96,3.174,0.63,us,us60006rki,2019-12-14T22:49:18.040Z,"255km SSE of Tabiauan, Philippines",earthquake,9,9.1,0.078,47,reviewed,us,us
2019-12-14T22:28:47.560Z,19.2208,-67.0685,25,2.95,md,4,339,0.929,0.34,pr,pr2019348010,2019-12-14T23:16:56.890Z,"79km N of Isabela, Puerto Rico",earthquake,7.13,28.12,0.07,4,reviewed,pr,pr
2019-12-14T22:18:55.640Z,19.205,-67.0561,25,2.88,md,6,318,0.7396,0.25,pr,pr2019348009,2019-12-18T04:36:08.040Z,"84km N of Isabela, Puerto Rico",earthquake,1.68,16.05,0.26,5,reviewed,pr,pr
2019-12-14T21:34:20.760Z,19.4208333,-155.4788333,8,2.53,ml,57,40,0.05254,0.09,hv,hv71278896,2019-12-17T00:06:21.530Z,"23km N of Pahala, Hawaii",earthquake,0.22,0.35,0.136,28,reviewed,hv,hv
2019-12-14T19:31:47.180Z,35.8045,-117.6316667,3.65,2.86,ml,37,51,0.02994,0.2,ci,ci39230816,2019-12-15T13:49:13.529Z,"21km N of Ridgecrest, CA",earthquake,0.23,0.59,0.1,25,automatic,ci,ci
2019-12-14T18:53:22.363Z,38.9314,79.1553,49.56,4.6,mwr,,85,2.267,0.63,us,us60006rj1,2019-12-17T16:59:50.040Z,"176km ENE of Shache, China",earthquake,7.4,6.8,0.086,13,reviewed,us,us
2019-12-14T18:30:18.470Z,37.5661,20.5689,10,4.4,mb,,88,1.147,0.82,us,us60006rit,2019-12-17T16:23:42.040Z,"28km SW of Mouzaki, Greece",earthquake,6.2,1.9,0.112,25,reviewed,us,us
2019-12-14T17:35:07.965Z,52.4618,160.6707,10,4.4,mb,,122,1.351,0.95,us,us60006rig,2019-12-17T16:00:58.040Z,"151km ESE of Petropavlovsk-Kamchatskiy, Russia",earthquake,8.3,1.8,0.06,88,reviewed,us,us
2019-12-14T16:36:03.349Z,-16.2167,176.9754,10,4.6,mb,,191,1.836,1.09,us,us60006ri5,2019-12-14T16:53:21.040Z,"163km NNW of Lautoka, Fiji",earthquake,6.1,2,0.146,16,reviewed,us,us
2019-12-14T15:34:26.840Z,18.3431,-68.4815,107,2.88,md,15,180,1.0032,0.52,pr,pr2019348007,2019-12-15T21:54:33.040Z,"18km SSE of Boca de Yuma, Dominican Republic",earthquake,4.07,3.5,0.38,11,reviewed,pr,pr
2019-12-14T15:01:25.914Z,60.1448,-153.5751,166.8,2.6,ml,,,,0.86,ak,ak019fzryjr1,2019-12-14T22:34:12.277Z,"59km SW of Redoubt Volcano, Alaska",earthquake,,0.4,,,automatic,ak,ak
2019-12-14T13:49:28.470Z,19.1645,-155.4746667,32.38,2.54,ml,42,98,0.01491,0.1,hv,hv71278556,2019-12-17T03:53:46.620Z,"5km S of Pahala, Hawaii",earthquake,0.57,0.73,0.161,27,reviewed,hv,hv
2019-12-14T13:41:45.947Z,-6.2176,132.4158,10,4.5,mb,,175,2.074,1.23,us,us60006rhi,2019-12-15T21:47:49.040Z,"71km SSW of Tual, Indonesia",earthquake,7.8,1.9,0.27,4,reviewed,us,us
2019-12-14T12:51:04.767Z,49.0503,154.8384,78.45,4.5,mb,,135,4.445,0.61,us,us60006rh7,2019-12-14T13:52:17.040Z,"203km SSW of Severo-Kuril'sk, Russia",earthquake,10.9,7.6,0.056,93,reviewed,us,us
2019-12-14T12:06:20.093Z,-6.1748,152.3278,10,4.9,mb,,114,1.977,0.59,us,us60006rgx,2019-12-15T07:02:02.635Z,"201km S of Kokopo, Papua New Guinea",earthquake,7.1,1.8,0.068,68,reviewed,us,us
2019-12-14T10:14:57.980Z,18.8928,-64.839,64,3.09,md,8,339,1.2583,0.59,pr,pr2019348004,2019-12-14T12:27:08.040Z,"50km NNW of Road Town, British Virgin Islands",earthquake,10.02,14.76,0.4,4,reviewed,pr,pr
2019-12-14T09:43:09.163Z,18.5383,-69.1798,72.69,2.8,ml,,158,0.313,0.51,us,us60006rgz,2019-12-14T17:45:35.437Z,"0km S of Ramon Santana, Dominican Republic",earthquake,7.4,9.8,0.085,18,reviewed,us,us
2019-12-14T09:28:18.239Z,-22.8651,69.3492,10,4.8,mb,,64,20.879,0.57,us,us60006rg6,2019-12-14T09:49:46.040Z,"Mid-Indian Ridge",earthquake,10.2,1.9,0.076,54,reviewed,us,us
2019-12-14T09:03:22.810Z,19.1971,-68.8131,135,3.1,md,7,345,1.8516,0.67,pr,pr2019348003,2019-12-14T12:47:33.040Z,"11km SSE of Miches, Dominican Republic",earthquake,11.4,14.27,0.19,3,reviewed,pr,pr
2019-12-14T07:27:04.518Z,12.9,-90.4126,36.08,4.5,mb,,190,1.807,1.34,us,us60006rfn,2019-12-14T08:17:26.040Z,"99km SW of Acajutla, El Salvador",earthquake,5.9,10.7,0.045,145,reviewed,us,us
2019-12-14T06:51:07.580Z,38.8056679,-122.7908325,1.43,2.51,md,51,35,0.00418,0.06,nc,nc73314571,2019-12-14T20:09:05.766Z,"4km NW of The Geysers, CA",earthquake,0.13,0.19,0.19,37,automatic,nc,nc
2019-12-14T06:45:03.229Z,-5.6485,150.2827,133.02,4.8,mb,,62,2.368,0.97,us,us60006rfd,2019-12-14T07:11:44.040Z,"18km SE of Kimbe, Papua New Guinea",earthquake,8.5,6.9,0.106,27,reviewed,us,us
2019-12-14T06:39:45.771Z,6.4829,126.3208,83.07,4.8,mb,,114,0.939,0.75,us,us60006rfb,2019-12-15T17:01:24.237Z,"20km NE of Pondaguitan, Philippines",earthquake,9.2,7,0.09,38,reviewed,us,us
2019-12-14T06:12:35.948Z,-39.3173,176.1262,66.71,5.1,mb,,69,0.322,1.04,us,us60006rf4,2019-12-14T06:56:51.270Z,"38km SSE of Turangi, New Zealand",earthquake,5,6.4,0.108,28,reviewed,us,us
2019-12-14T05:23:49.331Z,-6.7377,129.7935,160.94,4.2,mb,,87,1.938,0.47,us,us60006rew,2019-12-14T05:46:49.040Z,"215km NW of Saumlaki, Indonesia",earthquake,10.3,11.1,0.175,9,reviewed,us,us
2019-12-14T05:21:09.706Z,60.5805,-150.6902,35.8,2.5,ml,,,,0.5,ak,ak019fzm4gmx,2019-12-14T05:30:35.990Z,"6km NE of Sterling, Alaska",earthquake,,1.3,,,automatic,ak,ak
2019-12-14T04:57:37.680Z,-14.4222,167.6886,27,5.9,mww,,31,1.121,1.37,us,us60006rem,2019-12-16T19:10:28.040Z,"61km SSE of Sola, Vanuatu",earthquake,8.1,4.8,0.08,15,reviewed,us,us
2019-12-14T04:17:43.942Z,-28.3254,-176.2856,35,4.6,mb,,106,1.708,0.64,us,us60006re7,2019-12-14T04:51:19.040Z,"189km ENE of Raoul Island, New Zealand",earthquake,6.9,1.9,0.173,10,reviewed,us,us
2019-12-14T03:47:44.531Z,68.4803,-147.1035,0,2.8,ml,,,,0.92,ak,ak019fzl38r8,2019-12-14T05:24:30.040Z,"75km WNW of Arctic Village, Alaska",earthquake,,0.5,,,automatic,ak,ak
2019-12-14T03:47:43.492Z,52.3312,-172.5812,35,3.6,ml,,187,0.901,1.06,us,us60006rjf,2019-12-14T21:57:12.182Z,"91km W of Amukta Island, Alaska",earthquake,7.2,2,,,reviewed,us,ak
2019-12-14T03:18:37.150Z,19.2221,-67.3528,29,3.14,md,8,317,0.7923,0.37,pr,pr2019348001,2019-12-14T05:19:56.040Z,"83km NNW of San Antonio, Puerto Rico",earthquake,1.95,18.44,0.27,8,reviewed,pr,pr
2019-12-14T03:10:28.160Z,17.9038,-66.5898,7,2.95,md,13,208,0.14,0.34,pr,pr2019348000,2019-12-14T03:31:36.040Z,"15km S of Ponce, Puerto Rico",earthquake,0.72,0.63,0.36,12,reviewed,pr,pr
2019-12-14T02:44:02.288Z,65.3194,-163.0465,0,3.3,ml,,,,0.65,ak,ak019fzkh2r7,2019-12-14T03:20:46.040Z,"144km NE of Nome, Alaska",earthquake,,0.3,,,automatic,ak,ak
2019-12-14T02:34:50.564Z,44.7204,-114.5273,19.36,3.2,ml,,40,1.109,1.32,us,us60006rdh,2019-12-14T04:10:32.430Z,"33km NW of Challis, Idaho",earthquake,3.7,6.8,0.04,84,reviewed,us,us
2019-12-14T02:19:03.395Z,-4.7466,134.0582,10,4.3,mb,,172,2.56,1.03,us,us60006rdf,2019-12-14T03:05:04.040Z,"114km N of Dobo, Indonesia",earthquake,10.8,2,0.217,6,reviewed,us,us
2019-12-13T23:52:40.214Z,20.0829,73.1729,10,4.3,mb,,103,13.231,1.21,us,us60006rxd,2019-12-16T04:55:24.947Z,"19km NNW of Jawhar, India",earthquake,8.7,1.9,0.137,15,reviewed,us,us
2019-12-13T23:46:40.671Z,51.0596,-177.9628,19.02,2.6,ml,,219,0.698,0.52,us,us60006rvr,2019-12-15T22:54:39.040Z,"83km ESE of Amatignak Island, Alaska",earthquake,5.3,12.9,,,reviewed,us,ak
2019-12-13T23:39:48.125Z,52.9986,-173.6177,218.6,2.9,ml,,,,0.6,ak,ak019fy9eur0,2019-12-18T23:44:43.536Z,"97km NNE of Atka, Alaska",earthquake,,3.4,,,reviewed,ak,ak
2019-12-13T23:39:44.393Z,54.2899,-174.123,17.01,3,ml,,159,1.93,0.71,us,us60006rvt,2019-12-15T23:01:04.825Z,"233km N of Atka, Alaska",earthquake,8.1,4.2,0.105,12,reviewed,us,us
2019-12-13T23:26:20.906Z,55.0369,-157.1455,25,2.5,ml,,,,0.62,ak,ak019fy9c0i2,2019-12-15T23:05:03.040Z,"130km SW of Chirikof Island, Alaska",earthquake,,1.9,,,reviewed,ak,ak
2019-12-13T23:14:55.760Z,37.3696667,-119.9773333,18.36,3.04,ml,63,53,0.1926,0.26,nc,nc73314451,2019-12-15T21:45:12.704Z,"13km S of Mariposa, CA",earthquake,0.2,0.28,0.184,107,reviewed,nc,nc
2019-12-13T22:42:25.780Z,18.8745,-65.1901,47,2.46,md,3,336,0.9851,0.13,pr,pr2019347015,2019-12-13T23:41:34.040Z,"63km NNW of Charlotte Amalie, U.S. Virgin Islands",earthquake,4.6,12.38,0,1,reviewed,pr,pr
2019-12-13T22:24:42.830Z,53.3692,-35.5233,10,4.6,mb,,194,9.461,0.66,us,us70006ns1,2019-12-20T03:23:57.040Z,"Reykjanes Ridge",earthquake,13.2,1.9,0.151,13,reviewed,us,us
2019-12-13T21:22:44.971Z,51.4079,-177.9912,30.06,2.7,ml,,200,0.352,0.53,us,us60006rvq,2019-12-15T22:52:15.040Z,"53km S of Tanaga Volcano, Alaska",earthquake,3.7,10.2,,,reviewed,us,ak
2019-12-13T20:50:18.244Z,-24.2942,-67.0647,162.39,4.8,mww,,36,1.682,0.86,us,us60006r9h,2019-12-14T17:26:54.040Z,"76km W of San Antonio de los Cobres, Argentina",earthquake,4,6.2,0.08,15,reviewed,us,us
2019-12-13T19:59:41.980Z,19.2783,-67.2676,24,3.02,md,15,296,0.8258,0.32,pr,pr2019347013,2019-12-14T17:10:37.040Z,"71km N of San Antonio, Puerto Rico",earthquake,1.79,22.68,0.33,11,reviewed,pr,pr
2019-12-13T19:55:23.400Z,33.927,-117.8716667,8.14,2.56,ml,93,16,0.047,0.24,ci,ci39229848,2019-12-16T17:53:35.449Z,"3km ENE of Brea, CA",earthquake,0.17,0.48,0.186,127,reviewed,ci,ci
